,DATE,LAI
0,1/2/2002 7:30,0
1,1/2/2002 16:30,0
2,1/3/2002 7:30,0
3,1/3/2002 16:30,0
4,1/4/2002 7:30,0
5,1/4/2002 16:30,0
6,1/5/2002 7:30,0
7,1/5/2002 16:30,0
8,1/6/2002 7:30,0
9,1/6/2002 16:30,0
10,1/7/2002 7:30,0
11,1/7/2002 16:30,0
12,1/8/2002 7:30,0
13,1/8/2002 16:30,0
14,1/9/2002 7:30,0
15,1/9/2002 16:30,0
16,1/10/2002 7:30,0
17,1/10/2002 16:30,0
18,1/11/2002 7:30,0
19,1/11/2002 16:30,0
20,1/12/2002 7:30,0
21,1/12/2002 16:30,0
22,1/13/2002 7:30,0
23,1/13/2002 16:30,0
24,1/14/2002 7:30,0
25,1/14/2002 16:30,0
26,1/15/2002 7:30,0
27,1/15/2002 17:00,0
28,1/16/2002 7:30,0
29,1/16/2002 17:00,0
30,1/17/2002 7:30,0
31,1/17/2002 17:00,0
32,1/18/2002 7:30,0
33,1/18/2002 17:00,0
34,1/19/2002 7:30,0
35,1/19/2002 17:00,0
36,1/20/2002 7:30,0
37,1/20/2002 17:00,0
38,1/21/2002 7:00,0
39,1/21/2002 17:00,0
40,1/22/2002 7:00,0
41,1/22/2002 17:00,0
42,1/23/2002 7:00,0
43,1/23/2002 17:00,0
44,1/24/2002 7:00,0
45,1/24/2002 17:00,0
46,1/25/2002 7:00,0
47,1/25/2002 17:00,0
48,1/26/2002 7:00,0
49,1/26/2002 17:00,0
50,1/27/2002 7:00,0
51,1/27/2002 17:00,0
52,1/28/2002 7:00,0
53,1/28/2002 17:00,0
54,1/29/2002 7:00,0
55,1/29/2002 17:00,0
56,1/30/2002 7:00,0
57,1/30/2002 17:00,0
58,1/31/2002 7:00,0
59,1/31/2002 17:00,0
60,2/1/2002 7:00,0
61,2/1/2002 17:00,0
62,2/2/2002 7:00,0
63,2/2/2002 17:00,0
64,2/3/2002 7:00,0
65,2/3/2002 17:00,0
66,2/4/2002 7:00,0
67,2/4/2002 17:00,0
68,2/5/2002 7:00,0
69,2/5/2002 17:00,0
70,2/6/2002 7:00,0
71,2/6/2002 17:00,0
72,2/7/2002 7:00,0
73,2/7/2002 17:00,0
74,2/8/2002 7:00,0
75,2/8/2002 17:00,0
76,2/9/2002 7:00,0
77,2/9/2002 17:00,0
78,2/10/2002 7:00,0
79,2/10/2002 17:00,0
80,2/11/2002 7:00,0
81,2/11/2002 17:00,0
82,2/12/2002 7:00,0
83,2/12/2002 17:00,0
84,2/13/2002 7:00,0
85,2/13/2002 17:00,0
86,2/14/2002 7:00,0
87,2/14/2002 17:30,0
88,2/15/2002 7:00,0
89,2/15/2002 17:30,0
90,2/16/2002 7:00,0
91,2/16/2002 17:30,0
92,2/17/2002 7:00,0
93,2/17/2002 17:30,0
94,2/18/2002 6:30,0
95,2/18/2002 17:30,0
96,2/19/2002 6:30,0
97,2/19/2002 17:30,0
98,2/20/2002 6:30,0
99,2/20/2002 17:30,0
100,2/21/2002 6:30,0
101,2/21/2002 17:30,0
102,2/22/2002 6:30,0
103,2/22/2002 17:30,0
104,2/23/2002 6:30,0
105,2/23/2002 17:30,0
106,2/24/2002 6:30,0
107,2/24/2002 17:30,0
108,2/25/2002 6:30,0
109,2/25/2002 17:30,0
110,2/26/2002 6:30,0
111,2/26/2002 17:30,0
112,2/27/2002 6:30,0
113,2/27/2002 17:30,0
114,2/28/2002 6:30,0
115,2/28/2002 17:30,0
116,3/1/2002 6:30,0
117,3/1/2002 17:30,0
118,3/2/2002 6:30,0
119,3/2/2002 17:30,0
120,3/3/2002 6:30,0
121,3/3/2002 17:30,0
122,3/4/2002 6:30,0
123,3/4/2002 17:30,0
124,3/5/2002 6:30,0
125,3/5/2002 17:30,0
126,3/6/2002 6:30,0
127,3/6/2002 17:30,0
128,3/7/2002 6:30,0
129,3/7/2002 17:30,0
130,3/8/2002 6:30,0
131,3/8/2002 17:30,0
132,3/9/2002 6:30,0
133,3/9/2002 17:30,0
134,3/10/2002 6:30,0
135,3/10/2002 18:00,0
136,3/11/2002 6:30,0
137,3/11/2002 18:00,0
138,3/12/2002 6:30,0
139,3/12/2002 18:00,0
140,3/13/2002 6:00,0
141,3/13/2002 18:00,0
142,3/14/2002 6:00,0
143,3/14/2002 18:00,0
144,3/15/2002 6:00,0
145,3/15/2002 18:00,0
146,3/16/2002 6:00,0
147,3/16/2002 18:00,0
148,3/17/2002 6:00,0
149,3/17/2002 18:00,0
150,3/18/2002 6:00,0
151,3/18/2002 18:00,0
152,3/19/2002 6:00,0
153,3/19/2002 18:00,0
154,3/20/2002 6:00,0
155,3/20/2002 18:00,0
156,3/21/2002 6:00,0
157,3/21/2002 18:00,0
158,3/22/2002 6:00,0
159,3/22/2002 18:00,0
160,3/23/2002 6:00,0
161,3/23/2002 18:00,0
162,3/24/2002 6:00,0
163,3/24/2002 18:00,0
164,3/25/2002 6:00,0
165,3/25/2002 18:00,0
166,3/26/2002 6:00,0
167,3/26/2002 18:00,0
168,3/27/2002 6:00,0
169,3/27/2002 18:00,0
170,3/28/2002 6:00,0
171,3/28/2002 18:00,0
172,3/29/2002 6:00,0
173,3/29/2002 18:00,0
174,3/30/2002 6:00,0
175,3/30/2002 18:00,0
176,3/31/2002 6:00,0
177,3/31/2002 18:00,0
178,4/1/2002 6:00,0
179,4/1/2002 18:30,0
180,4/2/2002 6:00,0
181,4/2/2002 18:30,0
182,4/3/2002 6:00,0
183,4/3/2002 18:30,0
184,4/4/2002 6:00,0
185,4/4/2002 18:30,0
186,4/5/2002 5:30,0
187,4/5/2002 18:30,0
188,4/6/2002 5:30,0
189,4/6/2002 18:30,0
190,4/7/2002 5:30,0
191,4/7/2002 18:30,0
192,4/8/2002 5:30,0
193,4/8/2002 18:30,0
194,4/9/2002 5:30,0
195,4/9/2002 18:30,0
196,4/10/2002 5:30,0
197,4/10/2002 18:30,0
198,4/11/2002 5:30,0
199,4/11/2002 18:30,0
200,4/12/2002 5:30,0
201,4/12/2002 18:30,0
202,4/13/2002 5:30,0
203,4/13/2002 18:30,0
204,4/14/2002 5:30,0
205,4/14/2002 18:30,0
206,4/15/2002 5:30,0
207,4/15/2002 18:30,0
208,4/16/2002 5:30,0
209,4/16/2002 18:30,0
210,4/17/2002 5:30,0
211,4/17/2002 18:30,0
212,4/18/2002 5:30,0
213,4/18/2002 18:30,0
214,4/19/2002 5:30,0
215,4/19/2002 18:30,0
216,4/20/2002 5:30,0
217,4/20/2002 18:30,0
218,4/21/2002 5:30,0
219,4/21/2002 18:30,0
220,4/22/2002 5:30,0
221,4/22/2002 18:30,0
222,4/23/2002 5:30,0
223,4/23/2002 18:30,0
224,4/24/2002 5:30,0
225,4/24/2002 18:30,0
226,4/25/2002 5:30,0
227,4/25/2002 19:00,0
228,4/26/2002 5:30,0
229,4/26/2002 19:00,0
230,4/27/2002 5:30,0
231,4/27/2002 19:00,0
232,4/28/2002 5:30,0
233,4/28/2002 19:00,0
234,4/29/2002 5:00,0
235,4/29/2002 19:00,0
236,4/30/2002 5:00,0
237,4/30/2002 19:00,0
238,5/1/2002 5:00,0
239,5/1/2002 19:00,0
240,5/2/2002 5:00,0
241,5/2/2002 19:00,0
242,5/3/2002 5:00,0
243,5/3/2002 19:00,0
244,5/4/2002 5:00,0
245,5/4/2002 19:00,0
246,5/5/2002 5:00,0
247,5/5/2002 19:00,0
248,5/6/2002 5:00,0
249,5/6/2002 19:00,0
250,5/7/2002 5:00,0
251,5/7/2002 19:00,0
252,5/8/2002 5:00,0
253,5/8/2002 19:00,0
254,5/9/2002 5:00,0
255,5/9/2002 19:00,0
256,5/10/2002 5:00,0
257,5/10/2002 19:00,0
258,5/11/2002 5:00,0
259,5/11/2002 19:00,0
260,5/12/2002 5:00,0
261,5/12/2002 19:00,0
262,5/13/2002 5:00,0
263,5/13/2002 19:00,0
264,5/14/2002 5:00,0
265,5/14/2002 19:00,0
266,5/15/2002 5:00,0
267,5/15/2002 19:00,0
268,5/16/2002 5:00,0
269,5/16/2002 19:00,0
270,5/17/2002 5:00,0
271,5/17/2002 19:00,0
272,5/18/2002 5:00,0
273,5/18/2002 19:00,0
274,5/19/2002 5:00,0
275,5/19/2002 19:00,0
276,5/20/2002 5:00,0
277,5/20/2002 19:00,0
278,5/21/2002 5:00,0
279,5/21/2002 19:00,0
280,5/22/2002 5:00,0
281,5/22/2002 19:00,0
282,5/23/2002 5:00,0
283,5/23/2002 19:00,0
284,5/24/2002 5:00,0
285,5/24/2002 19:30,0
286,5/25/2002 5:00,0
287,5/25/2002 19:30,0
288,5/26/2002 5:00,0
289,5/26/2002 19:30,0
290,5/27/2002 5:00,0
291,5/27/2002 19:30,0
292,5/28/2002 5:00,0
293,5/28/2002 19:30,0
294,5/29/2002 5:00,0
295,5/29/2002 19:30,0
296,5/30/2002 4:30,0
297,5/30/2002 19:30,0
298,5/31/2002 4:30,0
299,5/31/2002 19:30,0
300,6/1/2002 4:30,0
301,6/1/2002 19:30,0
302,6/2/2002 4:30,0
303,6/2/2002 19:30,0
304,6/3/2002 4:30,0
305,6/3/2002 19:30,0
306,6/4/2002 4:30,0
307,6/4/2002 19:30,0
308,6/5/2002 4:30,0
309,6/5/2002 19:30,0
310,6/6/2002 4:30,0
311,6/6/2002 19:30,0
312,6/7/2002 4:30,0
313,6/7/2002 19:30,0
314,6/8/2002 4:30,0
315,6/8/2002 19:30,0
316,6/9/2002 4:30,0
317,6/9/2002 19:30,0
318,6/10/2002 4:30,0
319,6/10/2002 19:30,0
320,6/11/2002 4:30,0
321,6/11/2002 19:30,0
322,6/12/2002 4:30,0
323,6/12/2002 19:30,0
324,6/13/2002 4:30,0
325,6/13/2002 19:30,0
326,6/14/2002 4:30,0
327,6/14/2002 19:30,0
328,6/15/2002 4:30,0
329,6/15/2002 19:30,0
330,6/16/2002 4:30,0
331,6/16/2002 19:30,0
332,6/17/2002 4:30,0
333,6/17/2002 19:30,0
334,6/18/2002 4:30,0
335,6/18/2002 19:30,0
336,6/19/2002 4:30,0
337,6/19/2002 19:30,0
338,6/20/2002 4:30,0
339,6/20/2002 19:30,0
340,6/21/2002 4:30,0
341,6/21/2002 19:30,0
342,6/22/2002 4:30,0.638129755
343,6/22/2002 19:30,0.637927174
344,6/23/2002 4:30,0.637572657
345,6/23/2002 19:30,0.637319431
346,6/24/2002 4:30,0.636964915
347,6/24/2002 19:30,0.63711685
348,6/25/2002 4:30,0.637370076
349,6/25/2002 19:30,0.637876529
350,6/26/2002 4:30,0.638636207
351,6/26/2002 19:30,0.639547821
352,6/27/2002 4:30,0.641016532
353,6/27/2002 19:30,0.642383953
354,6/28/2002 4:30,0.644662988
355,6/28/2002 19:30,0.645979764
356,6/29/2002 4:30,0.648106863
357,6/29/2002 19:30,0.649423638
358,6/30/2002 4:30,0.651550738
359,6/30/2002 19:30,0.652664932
360,7/1/2002 4:30,0.65448816
361,7/1/2002 19:30,0.655349129
362,7/2/2002 4:30,0.65671655
363,7/2/2002 19:30,0.657172357
364,7/3/2002 4:30,0.657830745
365,7/3/2002 19:30,0.65798268
366,7/4/2002 4:30,0.658185261
367,7/4/2002 19:30,0.658083971
368,7/5/2002 4:30,0.65798268
369,7/5/2002 19:30,0.658033326
370,7/6/2002 4:30,0.658235906
371,7/6/2002 19:30,0.658489133
372,7/7/2002 4:30,0.658995585
373,7/7/2002 19:30,0.659653973
374,7/8/2002 4:30,0.660818813
375,7/8/2002 19:30,0.661679781
376,7/9/2002 4:30,0.663199138
377,7/9/2002 19:30,0.664161397
378,7/10/2002 4:30,0.665832689
379,7/10/2002 19:30,0.666693658
380,7/11/2002 4:30,0.668111724
381,7/11/2002 19:30,0.669225919
382,7/12/2002 4:30,0.671099792
383,7/12/2002 19:30,0.672416568
384,7/13/2002 4:30,0.674644957
385,7/13/2002 19:30,0.675860443
386,7/14/2002 4:30,0.677835606
387,7/14/2002 19:30,0.678797865
388,7/15/2002 4:30,0.680469157
389,7/15/2002 19:30,0.681330126
390,7/16/2002 4:30,0.682849483
391,7/16/2002 19:30,0.683254644
392,7/17/2002 4:30,0.683913032
393,7/17/2002 19:30,0.683659806
394,7/18/2002 5:00,0.68330529
395,7/18/2002 19:30,0.683052064
396,7/19/2002 5:00,0.682697547
397,7/19/2002 19:30,0.682444321
398,7/20/2002 5:00,0.682039159
399,7/20/2002 19:30,0.681785933
400,7/21/2002 5:00,0.681431417
401,7/21/2002 19:30,0.68117819
402,7/22/2002 5:00,0.680823674
403,7/22/2002 19:30,0.680570448
404,7/23/2002 5:00,0.680215931
405,7/23/2002 19:30,0.680367867
406,7/24/2002 5:00,0.680671738
407,7/24/2002 19:00,0.681127545
408,7/25/2002 5:00,0.681836578
409,7/25/2002 19:00,0.682393676
410,7/26/2002 5:00,0.683254644
411,7/26/2002 19:00,0.683913032
412,7/27/2002 5:00,0.684824646
413,7/27/2002 19:00,0.685584325
414,7/28/2002 5:00,0.686647874
415,7/28/2002 19:00,0.687154326
416,7/29/2002 5:00,0.687863359
417,7/29/2002 19:00,0.688319166
418,7/30/2002 5:00,0.688926909
419,7/30/2002 19:00,0.68923078
420,7/31/2002 5:00,0.689737232
421,7/31/2002 19:00,0.689838523
422,8/1/2002 5:00,0.689939813
423,8/1/2002 19:00,0.689686587
424,8/2/2002 5:00,0.689332071
425,8/2/2002 19:00,0.689028199
426,8/3/2002 5:00,0.688673683
427,8/3/2002 19:00,0.688420457
428,8/4/2002 5:00,0.68806594
429,8/4/2002 19:00,0.68796465
430,8/5/2002 5:00,0.687863359
431,8/5/2002 19:00,0.688116585
432,8/6/2002 5:00,0.688471102
433,8/6/2002 19:00,0.689180135
434,8/7/2002 5:00,0.69029433
435,8/7/2002 19:00,0.691155299
436,8/8/2002 5:00,0.692370784
437,8/8/2002 19:00,0.693586269
438,8/9/2002 5:00,0.695358852
439,8/9/2002 19:00,0.696726273
440,8/10/2002 5:00,0.698701436
441,8/10/2002 19:00,0.700068857
442,8/11/2002 5:00,0.701993375
443,8/11/2002 19:00,0.703158215
444,8/12/2002 5:00,0.704778862
445,8/12/2002 19:00,0.705639831
446,8/13/2002 5:00,0.706855316
447,8/13/2002 19:00,0.707614995
448,8/14/2002 5:00,0.708627899
449,8/14/2002 19:00,0.709438222
450,8/15/2002 5:00,0.710552417
451,8/15/2002 19:00,0.711210805
452,8/16/2002 5:00,0.712071774
453,8/16/2002 19:00,0.712679516
454,8/17/2002 5:00,0.713439195
455,8/17/2002 19:00,0.713844356
456,8/18/2002 5:00,0.714452099
457,8/18/2002 19:00,0.714604035
458,8/19/2002 5:30,0.71465468
459,8/19/2002 19:00,0.714401454
460,8/20/2002 5:30,0.714046937
461,8/20/2002 19:00,0.713743066
462,8/21/2002 5:30,0.71338855
463,8/21/2002 19:00,0.713084678
464,8/22/2002 5:30,0.712730162
465,8/22/2002 18:30,0.712578226
466,8/23/2002 5:30,0.71242629
467,8/23/2002 18:30,0.712375645
468,8/24/2002 5:30,0.712375645
469,8/24/2002 18:30,0.71242629
470,8/25/2002 5:30,0.712527581
471,8/25/2002 18:30,0.712831452
472,8/26/2002 5:30,0.713236614
473,8/26/2002 18:30,0.713287259
474,8/27/2002 5:30,0.71338855
475,8/27/2002 18:30,0.713135323
476,8/28/2002 5:30,0.712882097
477,8/28/2002 18:30,0.712882097
478,8/29/2002 5:30,0.712932743
479,8/29/2002 18:30,0.713185969
480,8/30/2002 5:30,0.71348984
481,8/30/2002 18:30,0.713692421
482,8/31/2002 5:30,0.713945647
483,8/31/2002 18:30,0.714300163
484,9/1/2002 5:30,0.71475597
485,9/1/2002 18:30,0.715211777
486,9/2/2002 5:30,0.715768875
487,9/2/2002 18:30,0.71592081
488,9/3/2002 5:30,0.716022101
489,9/3/2002 18:30,0.71581952
490,9/4/2002 5:30,0.715515649
491,9/4/2002 18:30,0.715211777
492,9/5/2002 5:30,0.714857261
493,9/5/2002 18:30,0.71455339
494,9/6/2002 5:30,0.714198873
495,9/6/2002 18:30,0.713945647
496,9/7/2002 5:30,0.71359113
497,9/7/2002 18:30,0.713287259
498,9/8/2002 5:30,0.712932743
499,9/8/2002 18:30,0.712628871
500,9/9/2002 5:30,0.712274355
501,9/9/2002 18:30,0.711970483
502,9/10/2002 5:30,0.711615967
503,9/10/2002 18:30,0.711312096
504,9/11/2002 5:30,0.710957579
505,9/11/2002 18:30,0.710805643
506,9/12/2002 6:00,0.710653708
507,9/12/2002 18:30,0.710957579
508,9/13/2002 6:00,0.711362741
509,9/13/2002 18:30,0.712122419
510,9/14/2002 6:00,0.712983388
511,9/14/2002 18:30,0.713895002
512,9/15/2002 6:00,0.714857261
513,9/15/2002 18:00,0.715971456
514,9/16/2002 6:00,0.71708565
515,9/16/2002 18:00,0.718554362
516,9/17/2002 6:00,0.719972428
517,9/17/2002 18:00,0.721339849
518,9/18/2002 6:00,0.72270727
519,9/18/2002 18:00,0.724024045
520,9/19/2002 6:00,0.725391466
521,9/19/2002 18:00,0.726505661
522,9/20/2002 6:00,0.727670501
523,9/20/2002 18:00,0.728480825
524,9/21/2002 6:00,0.729341793
525,9/21/2002 18:00,0.730253407
526,9/22/2002 6:00,0.731165021
527,9/22/2002 18:00,0.732177926
528,9/23/2002 6:00,0.73319083
529,9/23/2002 18:00,0.734203734
530,9/24/2002 6:00,0.735216639
531,9/24/2002 18:00,0.736432124
532,9/25/2002 6:00,0.737647609
533,9/25/2002 18:00,0.73901503
534,9/26/2002 6:00,0.740382451
535,9/26/2002 18:00,0.741699227
536,9/27/2002 6:00,0.743016002
537,9/27/2002 18:00,0.744079552
538,9/28/2002 6:00,0.745143102
539,9/28/2002 18:00,0.746257296
540,9/29/2002 6:00,0.747371491
541,9/29/2002 18:00,0.748435041
542,9/30/2002 6:00,0.749549236
543,9/30/2002 18:00,0.750612785
544,10/1/2002 6:00,0.75172698
545,10/1/2002 18:00,0.75279053
546,10/2/2002 6:00,0.753854079
547,10/2/2002 18:00,0.754664403
548,10/3/2002 6:00,0.755474726
549,10/3/2002 18:00,0.755829243
550,10/4/2002 6:00,0.756183759
551,10/4/2002 18:00,0.756183759
552,10/5/2002 6:30,0.756183759
553,10/5/2002 18:00,0.755829243
554,10/6/2002 6:30,0.755525371
555,10/6/2002 18:00,0.75512021
556,10/7/2002 6:30,0.754816338
557,10/7/2002 18:00,0.754461822
558,10/8/2002 6:30,0.754157951
559,10/8/2002 17:30,0.75405666
560,10/9/2002 6:30,0.75395537
561,10/9/2002 17:30,0.754259241
562,10/10/2002 6:30,0.754461822
563,10/10/2002 17:30,0.7552215
564,10/11/2002 6:30,0.755829243
565,10/11/2002 17:30,0.756943438
566,10/12/2002 6:30,0.757855051
567,10/12/2002 17:30,0.759222472
568,10/13/2002 6:30,0.00116484
569,10/13/2002 17:30,0.002684197
570,10/14/2002 6:30,0.004051617
571,10/14/2002 17:30,0.005216458
572,10/15/2002 6:30,0.006229362
573,10/15/2002 17:30,0.00698904
574,10/16/2002 6:30,0.007647428
575,10/16/2002 17:30,0.007900654
576,10/17/2002 6:30,0.008204525
577,10/17/2002 17:30,0.008204525
578,10/18/2002 6:30,0.008204525
579,10/18/2002 17:30,0.008204525
580,10/19/2002 6:30,0.008204525
581,10/19/2002 17:30,0.008204525
582,10/20/2002 6:30,0.008204525
583,10/20/2002 17:30,0.008204525
584,10/21/2002 6:30,0.008204525
585,10/21/2002 17:30,0.008204525
586,10/22/2002 6:30,0.008204525
587,10/22/2002 17:30,0.008204525
588,10/23/2002 6:30,0.00815388
589,10/23/2002 17:30,0.00815388
590,10/24/2002 6:30,0.00815388
591,10/24/2002 17:30,0.00815388
592,10/25/2002 6:30,0.00815388
593,10/25/2002 17:30,0.00815388
594,10/26/2002 6:30,0.00815388
595,10/26/2002 17:30,0.00815388
596,10/27/2002 6:30,0.00815388
597,10/27/2002 17:30,0.00815388
598,10/28/2002 7:00,0.00815388
599,10/28/2002 17:30,0.00815388
600,10/29/2002 7:00,0.00815388
601,10/29/2002 17:30,0.00815388
602,10/30/2002 7:00,0.008103235
603,10/30/2002 17:30,0.008103235
604,10/31/2002 7:00,0.008103235
605,10/31/2002 17:30,0.008103235
606,11/1/2002 7:00,0.008103235
607,11/1/2002 17:00,0.008103235
608,11/2/2002 7:00,0.008103235
609,11/2/2002 17:00,0.008103235
610,11/3/2002 7:00,0.008103235
611,11/3/2002 17:00,0.008103235
612,11/4/2002 7:00,0.008103235
613,11/4/2002 17:00,0.008103235
614,11/5/2002 7:00,0.008103235
615,11/5/2002 17:00,0.008103235
616,11/6/2002 7:00,0.00805259
617,11/6/2002 17:00,0.00805259
618,11/7/2002 7:00,0.00805259
619,11/7/2002 17:00,0.00805259
620,11/8/2002 7:00,0.00805259
621,11/8/2002 17:00,0.00805259
622,11/9/2002 7:00,0.00805259
623,11/9/2002 17:00,0.00805259
624,11/10/2002 7:00,0.00805259
625,11/10/2002 17:00,0.00805259
626,11/11/2002 7:00,0.00805259
627,11/11/2002 17:00,0.00805259
628,11/12/2002 7:00,0.00805259
629,11/12/2002 17:00,0.008001945
630,11/13/2002 7:00,0.008001945
631,11/13/2002 17:00,0.008001945
632,11/14/2002 7:00,0.008001945
633,11/14/2002 17:00,0.008001945
634,11/15/2002 7:00,0.008001945
635,11/15/2002 17:00,0.008001945
636,11/16/2002 7:00,0.008001945
637,11/16/2002 17:00,0.008001945
638,11/17/2002 7:00,0.008001945
639,11/17/2002 17:00,0.008001945
640,11/18/2002 7:00,0.008001945
641,11/18/2002 17:00,0.008001945
642,11/19/2002 7:00,0.008001945
643,11/19/2002 17:00,0.007951299
644,11/20/2002 7:00,0.007951299
645,11/20/2002 17:00,0.007951299
646,11/21/2002 7:00,0.007951299
647,11/21/2002 17:00,0.007951299
648,11/22/2002 7:00,0.007951299
649,11/22/2002 17:00,0.007951299
650,11/23/2002 7:00,0.007951299
651,11/23/2002 17:00,0.007951299
652,11/24/2002 7:00,0.007951299
653,11/24/2002 17:00,0.007951299
654,11/25/2002 7:00,0.007951299
655,11/25/2002 17:00,0.007951299
656,11/26/2002 7:30,0.007951299
657,11/26/2002 17:00,0.007900654
658,11/27/2002 7:30,0.007900654
659,11/27/2002 17:00,0.007900654
660,11/28/2002 7:30,0.007900654
661,11/28/2002 17:00,0.007900654
662,11/29/2002 7:30,0.007900654
663,11/29/2002 17:00,0.007900654
664,11/30/2002 7:30,0.007900654
665,11/30/2002 17:00,0.007900654
666,12/1/2002 7:30,0.007900654
667,12/1/2002 16:30,0.007900654
668,12/2/2002 7:30,0.007900654
669,12/2/2002 16:30,0.007900654
670,12/3/2002 7:30,0.007900654
671,12/3/2002 16:30,0.007850009
672,12/4/2002 7:30,0.007850009
673,12/4/2002 16:30,0.007850009
674,12/5/2002 7:30,0.007850009
675,12/5/2002 16:30,0.007850009
676,12/6/2002 7:30,0.007850009
677,12/6/2002 16:30,0.007850009
678,12/7/2002 7:30,0.007850009
679,12/7/2002 16:30,0.007850009
680,12/8/2002 7:30,0.007850009
681,12/8/2002 16:30,0.007850009
682,12/9/2002 7:30,0.007850009
683,12/9/2002 16:30,0.007850009
684,12/10/2002 7:30,0.007850009
685,12/10/2002 16:30,0.007850009
686,12/11/2002 7:30,0.007799364
687,12/11/2002 16:30,0.007799364
688,12/12/2002 7:30,0.007799364
689,12/12/2002 16:30,0.007799364
690,12/13/2002 7:30,0.007799364
691,12/13/2002 16:30,0.007799364
692,12/14/2002 7:30,0.007799364
693,12/14/2002 16:30,0.007799364
694,12/15/2002 7:30,0.007799364
695,12/15/2002 16:30,0.007799364
696,12/16/2002 7:30,0.007799364
697,12/16/2002 16:30,0.007799364
698,12/17/2002 7:30,0.007799364
699,12/17/2002 16:30,0.007799364
700,12/18/2002 7:30,0.007748718
701,12/18/2002 16:30,0.007748718
702,12/19/2002 7:30,0.007748718
703,12/19/2002 16:30,0.007748718
704,12/20/2002 7:30,0.007748718
705,12/20/2002 16:30,0.007748718
706,12/21/2002 7:30,0.007748718
707,12/21/2002 16:30,0.007748718
708,12/22/2002 7:30,0.007748718
709,12/22/2002 16:30,0.007748718
710,12/23/2002 7:30,0.007748718
711,12/23/2002 16:30,0.007748718
712,12/24/2002 7:30,0.007748718
713,12/24/2002 16:30,0.007748718
714,12/25/2002 7:30,0.007698073
715,12/25/2002 16:30,0.007698073
716,12/26/2002 7:30,0.007698073
717,12/26/2002 16:30,0.007698073
718,12/27/2002 7:30,0.007698073
719,12/27/2002 16:30,0.007698073
720,12/28/2002 7:30,0.007698073
721,12/28/2002 16:30,0.007698073
722,12/29/2002 7:30,0.007698073
723,12/29/2002 16:30,0.007698073
724,12/30/2002 7:30,0.007698073
725,12/30/2002 16:30,0.007698073
726,12/31/2002 7:30,0.007698073
727,12/31/2002 16:30,0.007698073
728,1/1/2002 7:30,0.007698073
729,1/1/2002 16:30,0.007647428
0,1/2/2003 7:30,0.007647428
1,1/2/2003 16:30,0.007647428
2,1/3/2003 7:30,0.007647428
3,1/3/2003 16:30,0.007647428
4,1/4/2003 7:30,0.007647428
5,1/4/2003 16:30,0.007647428
6,1/5/2003 7:30,0.007647428
7,1/5/2003 16:30,0.007647428
8,1/6/2003 7:30,0.007647428
9,1/6/2003 16:30,0.007647428
10,1/7/2003 7:30,0.007647428
11,1/7/2003 16:30,0.007647428
12,1/8/2003 7:30,0.007647428
13,1/8/2003 16:30,0.007596783
14,1/9/2003 7:30,0.007596783
15,1/9/2003 16:30,0.007596783
16,1/10/2003 7:30,0.007596783
17,1/10/2003 16:30,0.007596783
18,1/11/2003 7:30,0.007596783
19,1/11/2003 16:30,0.007596783
20,1/12/2003 7:30,0.007596783
21,1/12/2003 16:30,0.007596783
22,1/13/2003 7:30,0.007596783
23,1/13/2003 16:30,0.007596783
24,1/14/2003 7:30,0.007596783
25,1/14/2003 16:30,0.007596783
26,1/15/2003 7:30,0.007596783
27,1/15/2003 17:00,0.007596783
28,1/16/2003 7:30,0.007546138
29,1/16/2003 17:00,0.007546138
30,1/17/2003 7:30,0.007546138
31,1/17/2003 17:00,0.007546138
32,1/18/2003 7:30,0.007546138
33,1/18/2003 17:00,0.007546138
34,1/19/2003 7:30,0.007546138
35,1/19/2003 17:00,0.007546138
36,1/20/2003 7:30,0.007546138
37,1/20/2003 17:00,0.007546138
38,1/21/2003 7:00,0.007546138
39,1/21/2003 17:00,0.007546138
40,1/22/2003 7:00,0.007546138
41,1/22/2003 17:00,0.007546138
42,1/23/2003 7:00,0.007546138
43,1/23/2003 17:00,0.007495492
44,1/24/2003 7:00,0.007495492
45,1/24/2003 17:00,0.007495492
46,1/25/2003 7:00,0.007495492
47,1/25/2003 17:00,0.007495492
48,1/26/2003 7:00,0.007495492
49,1/26/2003 17:00,0.007495492
50,1/27/2003 7:00,0.007495492
51,1/27/2003 17:00,0.007495492
52,1/28/2003 7:00,0.007495492
53,1/28/2003 17:00,0.007495492
54,1/29/2003 7:00,0.007495492
55,1/29/2003 17:00,0.007495492
56,1/30/2003 7:00,0.007495492
57,1/30/2003 17:00,0.007444847
58,1/31/2003 7:00,0.007444847
59,1/31/2003 17:00,0.007444847
60,2/1/2003 7:00,0.007444847
61,2/1/2003 17:00,0.007444847
62,2/2/2003 7:00,0.007444847
63,2/2/2003 17:00,0.007444847
64,2/3/2003 7:00,0.007444847
65,2/3/2003 17:00,0.007444847
66,2/4/2003 7:00,0.007444847
67,2/4/2003 17:00,0.007444847
68,2/5/2003 7:00,0.007444847
69,2/5/2003 17:00,0.007444847
70,2/6/2003 7:00,0.007444847
71,2/6/2003 17:00,0.007444847
72,2/7/2003 7:00,0.007394202
73,2/7/2003 17:00,0.007394202
74,2/8/2003 7:00,0.007394202
75,2/8/2003 17:00,0.007394202
76,2/9/2003 7:00,0.007394202
77,2/9/2003 17:00,0.007394202
78,2/10/2003 7:00,0.007394202
79,2/10/2003 17:00,0.007394202
80,2/11/2003 7:00,0.007394202
81,2/11/2003 17:00,0.007394202
82,2/12/2003 7:00,0.007394202
83,2/12/2003 17:00,0.007394202
84,2/13/2003 7:00,0.007394202
85,2/13/2003 17:00,0.007394202
86,2/14/2003 7:00,0.007394202
87,2/14/2003 17:30,0.007343557
88,2/15/2003 7:00,0.007343557
89,2/15/2003 17:30,0.007343557
90,2/16/2003 7:00,0.007343557
91,2/16/2003 17:30,0.007343557
92,2/17/2003 7:00,0.007343557
93,2/17/2003 17:30,0.007343557
94,2/18/2003 6:30,0.007343557
95,2/18/2003 17:30,0.007343557
96,2/19/2003 6:30,0.007343557
97,2/19/2003 17:30,0.007343557
98,2/20/2003 6:30,0.007343557
99,2/20/2003 17:30,0.007343557
100,2/21/2003 6:30,0.007343557
101,2/21/2003 17:30,0.007343557
102,2/22/2003 6:30,0.007343557
103,2/22/2003 17:30,0.007292911
104,2/23/2003 6:30,0.007292911
105,2/23/2003 17:30,0.007292911
106,2/24/2003 6:30,0.007292911
107,2/24/2003 17:30,0.007292911
108,2/25/2003 6:30,0.007292911
109,2/25/2003 17:30,0.007292911
110,2/26/2003 6:30,0.007292911
111,2/26/2003 17:30,0.007292911
112,2/27/2003 6:30,0.007292911
113,2/27/2003 17:30,0.007292911
114,2/28/2003 6:30,0.007292911
115,2/28/2003 17:30,0.007292911
116,3/1/2003 6:30,0.007292911
117,3/1/2003 17:30,0.007292911
118,3/2/2003 6:30,0.007242266
119,3/2/2003 17:30,0.007242266
120,3/3/2003 6:30,0.007242266
121,3/3/2003 17:30,0.007242266
122,3/4/2003 6:30,0.007242266
123,3/4/2003 17:30,0.007242266
124,3/5/2003 6:30,0.007242266
125,3/5/2003 17:30,0.007242266
126,3/6/2003 6:30,0.007242266
127,3/6/2003 17:30,0.007242266
128,3/7/2003 6:30,0.007242266
129,3/7/2003 17:30,0.007242266
130,3/8/2003 6:30,0.007242266
131,3/8/2003 17:30,0.007242266
132,3/9/2003 6:30,0.007242266
133,3/9/2003 17:30,0.007191621
134,3/10/2003 6:30,0.007191621
135,3/10/2003 18:00,0.007191621
136,3/11/2003 6:30,0.007191621
137,3/11/2003 18:00,0.007191621
138,3/12/2003 6:30,0.007191621
139,3/12/2003 18:00,0.007191621
140,3/13/2003 6:00,0.007191621
141,3/13/2003 18:00,0.007191621
142,3/14/2003 6:00,0.007191621
143,3/14/2003 18:00,0.007191621
144,3/15/2003 6:00,0.007191621
145,3/15/2003 18:00,0.007191621
146,3/16/2003 6:00,0.007191621
147,3/16/2003 18:00,0.007191621
148,3/17/2003 6:00,0.007191621
149,3/17/2003 18:00,0.007140976
150,3/18/2003 6:00,0.007140976
151,3/18/2003 18:00,0.007140976
152,3/19/2003 6:00,0.007140976
153,3/19/2003 18:00,0.007140976
154,3/20/2003 6:00,0.007140976
155,3/20/2003 18:00,0.007140976
156,3/21/2003 6:00,0.007140976
157,3/21/2003 18:00,0.007140976
158,3/22/2003 6:00,0.007140976
159,3/22/2003 18:00,0.007140976
160,3/23/2003 6:00,0.007140976
161,3/23/2003 18:00,0.007140976
162,3/24/2003 6:00,0.007140976
163,3/24/2003 18:00,0.007140976
164,3/25/2003 6:00,0.007090331
165,3/25/2003 18:00,0.007090331
166,3/26/2003 6:00,0.007090331
167,3/26/2003 18:00,0.007090331
168,3/27/2003 6:00,0.007090331
169,3/27/2003 18:00,0.007090331
170,3/28/2003 6:00,0.007090331
171,3/28/2003 18:00,0.007090331
172,3/29/2003 6:00,0.007090331
173,3/29/2003 18:00,0.007090331
174,3/30/2003 6:00,0.007090331
175,3/30/2003 18:00,0.007090331
176,3/31/2003 6:00,0.007090331
177,3/31/2003 18:00,0.007090331
178,4/1/2003 6:00,0.007090331
179,4/1/2003 18:30,0.007090331
180,4/2/2003 6:00,0.007039685
181,4/2/2003 18:30,0.007039685
182,4/3/2003 6:00,0.007039685
183,4/3/2003 18:30,0.007039685
184,4/4/2003 6:00,0.007039685
185,4/4/2003 18:30,0.007039685
186,4/5/2003 5:30,0.007039685
187,4/5/2003 18:30,0.007039685
188,4/6/2003 5:30,0.007039685
189,4/6/2003 18:30,0.007039685
190,4/7/2003 5:30,0.007039685
191,4/7/2003 18:30,0.007039685
192,4/8/2003 5:30,0.007039685
193,4/8/2003 18:30,0.007039685
194,4/9/2003 5:30,0.007039685
195,4/9/2003 18:30,0.007039685
196,4/10/2003 5:30,0.00698904
197,4/10/2003 18:30,0.00698904
198,4/11/2003 5:30,0.00698904
199,4/11/2003 18:30,0.00698904
200,4/12/2003 5:30,0.00698904
201,4/12/2003 18:30,0.00698904
202,4/13/2003 5:30,0.00698904
203,4/13/2003 18:30,0.00698904
204,4/14/2003 5:30,0.00698904
205,4/14/2003 18:30,0.00698904
206,4/15/2003 5:30,0.00698904
207,4/15/2003 18:30,0.00698904
208,4/16/2003 5:30,0.00698904
209,4/16/2003 18:30,0.00698904
210,4/17/2003 5:30,0.00698904
211,4/17/2003 18:30,0.00698904
212,4/18/2003 5:30,0.006938395
213,4/18/2003 18:30,0.006938395
214,4/19/2003 5:30,0.006938395
215,4/19/2003 18:30,0.006938395
216,4/20/2003 5:30,0.006938395
217,4/20/2003 18:30,0.006938395
218,4/21/2003 5:30,0.006938395
219,4/21/2003 18:30,0.006938395
220,4/22/2003 5:30,0.006938395
221,4/22/2003 18:30,0.006938395
222,4/23/2003 5:30,0.006938395
223,4/23/2003 18:30,0.006938395
224,4/24/2003 5:30,0.006938395
225,4/24/2003 18:30,0.006938395
226,4/25/2003 5:30,0.006938395
227,4/25/2003 19:00,0.006938395
228,4/26/2003 5:30,0.00688775
229,4/26/2003 19:00,0.00688775
230,4/27/2003 5:30,0.00688775
231,4/27/2003 19:00,0.00688775
232,4/28/2003 5:30,0.00688775
233,4/28/2003 19:00,0.00688775
234,4/29/2003 5:00,0.00688775
235,4/29/2003 19:00,0.00688775
236,4/30/2003 5:00,0.00688775
237,4/30/2003 19:00,0.00688775
238,5/1/2003 5:00,0.00688775
239,5/1/2003 19:00,0.00688775
240,5/2/2003 5:00,0.00688775
241,5/2/2003 19:00,0.00688775
242,5/3/2003 5:00,0.00688775
243,5/3/2003 19:00,0.00688775
244,5/4/2003 5:00,0.006837105
245,5/4/2003 19:00,0.006837105
246,5/5/2003 5:00,0.006837105
247,5/5/2003 19:00,0.006837105
248,5/6/2003 5:00,0.006837105
249,5/6/2003 19:00,0.006837105
250,5/7/2003 5:00,0.006837105
251,5/7/2003 19:00,0.006837105
252,5/8/2003 5:00,0.006837105
253,5/8/2003 19:00,0.006837105
254,5/9/2003 5:00,0.006837105
255,5/9/2003 19:00,0.006837105
256,5/10/2003 5:00,0.006837105
257,5/10/2003 19:00,0.006837105
258,5/11/2003 5:00,0.006837105
259,5/11/2003 19:00,0.006837105
260,5/12/2003 5:00,0.006786459
261,5/12/2003 19:00,0.006786459
262,5/13/2003 5:00,0.006786459
263,5/13/2003 19:00,0.006786459
264,5/14/2003 5:00,0.006786459
265,5/14/2003 19:00,0.006786459
266,5/15/2003 5:00,0.006786459
267,5/15/2003 19:00,0.006786459
268,5/16/2003 5:00,0.006786459
269,5/16/2003 19:00,0.006786459
270,5/17/2003 5:00,0.006786459
271,5/17/2003 19:00,0.006786459
272,5/18/2003 5:00,0.006786459
273,5/18/2003 19:00,0.006786459
274,5/19/2003 5:00,0.006786459
275,5/19/2003 19:00,0.006786459
276,5/20/2003 5:00,0.006735814
277,5/20/2003 19:00,0.006735814
278,5/21/2003 5:00,0.006735814
279,5/21/2003 19:00,0.006735814
280,5/22/2003 5:00,0.006735814
281,5/22/2003 19:00,0.006735814
282,5/23/2003 5:00,0.006735814
283,5/23/2003 19:00,0.006735814
284,5/24/2003 5:00,0.006735814
285,5/24/2003 19:30,0.006735814
286,5/25/2003 5:00,0.006735814
287,5/25/2003 19:30,0.006735814
288,5/26/2003 5:00,0.006735814
289,5/26/2003 19:30,0.006735814
290,5/27/2003 5:00,0.006735814
291,5/27/2003 19:30,0.006735814
292,5/28/2003 5:00,0.006735814
293,5/28/2003 19:30,0.006685169
294,5/29/2003 5:00,0.006685169
295,5/29/2003 19:30,0.006685169
296,5/30/2003 4:30,0.006685169
297,5/30/2003 19:30,0.006685169
298,5/31/2003 4:30,0.006685169
299,5/31/2003 19:30,0.006685169
300,6/1/2003 4:30,0.006685169
301,6/1/2003 19:30,0.006685169
302,6/2/2003 4:30,0.006685169
303,6/2/2003 19:30,0.006685169
304,6/3/2003 4:30,0.006685169
305,6/3/2003 19:30,0.006685169
306,6/4/2003 4:30,0.006685169
307,6/4/2003 19:30,0.006685169
308,6/5/2003 4:30,0.006685169
309,6/5/2003 19:30,0.006685169
310,6/6/2003 4:30,0.006634524
311,6/6/2003 19:30,0.006634524
312,6/7/2003 4:30,0.006634524
313,6/7/2003 19:30,0.006634524
314,6/8/2003 4:30,0.006634524
315,6/8/2003 19:30,0.006634524
316,6/9/2003 4:30,0.006634524
317,6/9/2003 19:30,0.006634524
318,6/10/2003 4:30,0.006634524
319,6/10/2003 19:30,0.006634524
320,6/11/2003 4:30,0.006634524
321,6/11/2003 19:30,0.006634524
322,6/12/2003 4:30,0.006634524
323,6/12/2003 19:30,0.006634524
324,6/13/2003 4:30,0.006634524
325,6/13/2003 19:30,0.006634524
326,6/14/2003 4:30,0.006583878
327,6/14/2003 19:30,0.006583878
328,6/15/2003 4:30,0.006583878
329,6/15/2003 19:30,0.006583878
330,6/16/2003 4:30,0.006583878
331,6/16/2003 19:30,0.006583878
332,6/17/2003 4:30,0.006583878
333,6/17/2003 19:30,0.006583878
334,6/18/2003 4:30,0.006583878
335,6/18/2003 19:30,0.006583878
336,6/19/2003 4:30,0.006583878
337,6/19/2003 19:30,0.006583878
338,6/20/2003 4:30,0.006583878
339,6/20/2003 19:30,0.006583878
340,6/21/2003 4:30,0.006583878
341,6/21/2003 19:30,0.006583878
342,6/22/2003 4:30,0.006583878
343,6/22/2003 19:30,0.006533233
344,6/23/2003 4:30,0.006533233
345,6/23/2003 19:30,0.006533233
346,6/24/2003 4:30,0.006533233
347,6/24/2003 19:30,0.006533233
348,6/25/2003 4:30,0.006533233
349,6/25/2003 19:30,0.006533233
350,6/26/2003 4:30,0.006533233
351,6/26/2003 19:30,0.006533233
352,6/27/2003 4:30,0.006533233
353,6/27/2003 19:30,0.006533233
354,6/28/2003 4:30,0.006533233
355,6/28/2003 19:30,0.006533233
356,6/29/2003 4:30,0.006533233
357,6/29/2003 19:30,0.006533233
358,6/30/2003 4:30,0.006533233
359,6/30/2003 19:30,0.644662988
360,7/1/2003 4:30,0.644257826
361,7/1/2003 19:30,0.644156536
362,7/2/2003 4:30,0.64390331
363,7/2/2003 19:30,0.64410589
364,7/3/2003 4:30,0.644359117
365,7/3/2003 19:30,0.644865569
366,7/4/2003 4:30,0.645574602
367,7/4/2003 19:30,0.64633428
368,7/5/2003 4:30,0.64749912
369,7/5/2003 19:30,0.64856267
370,7/6/2003 4:30,0.650233962
371,7/6/2003 19:30,0.65099364
372,7/7/2003 4:30,0.652310416
373,7/7/2003 19:30,0.653120739
374,7/8/2003 4:30,0.654437515
375,7/8/2003 19:30,0.655450419
376,7/9/2003 4:30,0.657071066
377,7/9/2003 19:30,0.65798268
378,7/10/2003 4:30,0.659502037
379,7/10/2003 19:30,0.660363006
380,7/11/2003 4:30,0.661831717
381,7/11/2003 19:30,0.662743331
382,7/12/2003 4:30,0.664161397
383,7/12/2003 19:30,0.66487043
384,7/13/2003 4:30,0.665984625
385,7/13/2003 19:30,0.666339141
386,7/14/2003 4:30,0.666946884
387,7/14/2003 19:30,0.667149465
388,7/15/2003 4:30,0.667503981
389,7/15/2003 19:30,0.667503981
390,7/16/2003 4:30,0.667453336
391,7/16/2003 19:30,0.667301401
392,7/17/2003 4:30,0.666997529
393,7/17/2003 19:30,0.666744303
394,7/18/2003 5:00,0.666389787
395,7/18/2003 19:30,0.666136561
396,7/19/2003 5:00,0.665782044
397,7/19/2003 19:30,0.665528818
398,7/20/2003 5:00,0.665174301
399,7/20/2003 19:30,0.665022366
400,7/21/2003 5:00,0.66487043
401,7/21/2003 19:30,0.664971721
402,7/22/2003 5:00,0.665174301
403,7/22/2003 19:30,0.665376882
404,7/23/2003 5:00,0.665782044
405,7/23/2003 19:30,0.666288496
406,7/24/2003 5:00,0.66709882
407,7/24/2003 19:00,0.667605272
408,7/25/2003 5:00,0.66826366
409,7/25/2003 19:00,0.668567531
410,7/26/2003 5:00,0.668922048
411,7/26/2003 19:00,0.668922048
412,7/27/2003 5:00,0.668871402
413,7/27/2003 19:00,0.668871402
414,7/28/2003 5:00,0.668770112
415,7/28/2003 19:00,0.668770112
416,7/29/2003 5:00,0.668770112
417,7/29/2003 19:00,0.669225919
418,7/30/2003 5:00,0.669833662
419,7/30/2003 19:00,0.670745275
420,7/31/2003 5:00,0.672062051
421,7/31/2003 19:00,0.673277536
422,8/1/2003 5:00,0.674948829
423,8/1/2003 19:00,0.676214959
424,8/2/2003 5:00,0.677987542
425,8/2/2003 19:00,0.679101737
426,8/3/2003 5:00,0.680621093
427,8/3/2003 19:00,0.681380771
428,8/4/2003 5:00,0.682393676
429,8/4/2003 19:00,0.683001418
430,8/5/2003 5:00,0.683862387
431,8/5/2003 19:00,0.684368839
432,8/6/2003 5:00,0.685128518
433,8/6/2003 19:00,0.68573626
434,8/7/2003 5:00,0.686546584
435,8/7/2003 19:00,0.687002391
436,8/8/2003 5:00,0.687559488
437,8/8/2003 19:00,0.68796465
438,8/9/2003 5:00,0.688572392
439,8/9/2003 19:00,0.688825618
440,8/10/2003 5:00,0.689180135
441,8/10/2003 19:00,0.689433361
442,8/11/2003 5:00,0.689787878
443,8/11/2003 19:00,0.689990459
444,8/12/2003 5:00,0.690243685
445,8/12/2003 19:00,0.690496911
446,8/13/2003 5:00,0.690902072
447,8/13/2003 19:00,0.691155299
448,8/14/2003 5:00,0.691509815
449,8/14/2003 19:00,0.691661751
450,8/15/2003 5:00,0.691813686
451,8/15/2003 19:00,0.691763041
452,8/16/2003 5:00,0.691661751
453,8/16/2003 19:00,0.691509815
454,8/17/2003 5:00,0.691408525
455,8/17/2003 19:00,0.691307234
456,8/18/2003 5:00,0.691205944
457,8/18/2003 19:00,0.691509815
458,8/19/2003 5:30,0.691864332
459,8/19/2003 19:00,0.69262401
460,8/20/2003 5:30,0.693586269
461,8/20/2003 19:00,0.694447238
462,8/21/2003 5:30,0.695510787
463,8/21/2003 19:00,0.69621982
464,8/22/2003 5:30,0.697080789
465,8/22/2003 18:30,0.697637887
466,8/23/2003 5:30,0.698245629
467,8/23/2003 18:30,0.69844821
468,8/24/2003 5:30,0.698650791
469,8/24/2003 18:30,0.69844821
470,8/25/2003 5:30,0.698194984
471,8/25/2003 18:30,0.698043048
472,8/26/2003 5:30,0.697891113
473,8/26/2003 18:30,0.698093694
474,8/27/2003 5:30,0.698296274
475,8/27/2003 18:30,0.698650791
476,8/28/2003 5:30,0.699106598
477,8/28/2003 18:30,0.699461114
478,8/29/2003 5:30,0.699916921
479,8/29/2003 18:30,0.700474019
480,8/30/2003 5:30,0.701132407
481,8/30/2003 18:30,0.70184144
482,8/31/2003 5:30,0.702753054
483,8/31/2003 18:30,0.703411441
484,9/1/2003 5:30,0.70427241
485,9/1/2003 18:30,0.705133379
486,9/2/2003 5:30,0.706146283
487,9/2/2003 18:30,0.707260478
488,9/3/2003 5:30,0.708627899
489,9/3/2003 18:30,0.709691449
490,9/4/2003 5:30,0.711008224
491,9/4/2003 18:30,0.712021129
492,9/5/2003 5:30,0.713185969
493,9/5/2003 18:30,0.714502744
494,9/6/2003 5:30,0.716022101
495,9/6/2003 18:30,0.717389522
496,9/7/2003 5:30,0.719010169
497,9/7/2003 18:30,0.720073718
498,9/8/2003 5:30,0.721339849
499,9/8/2003 18:30,0.722251463
500,9/9/2003 5:30,0.723365658
501,9/9/2003 18:30,0.724327917
502,9/10/2003 5:30,0.725492757
503,9/10/2003 18:30,0.726049854
504,9/11/2003 5:30,0.726708242
505,9/11/2003 18:30,0.727113404
506,9/12/2003 6:00,0.727619856
507,9/12/2003 18:30,0.728176953
508,9/13/2003 6:00,0.728734051
509,9/13/2003 18:30,0.729443084
510,9/14/2003 6:00,0.730202762
511,9/14/2003 18:30,0.730455988
512,9/15/2003 6:00,0.730709214
513,9/15/2003 18:00,0.730911795
514,9/16/2003 6:00,0.731114376
515,9/16/2003 18:00,0.731367602
516,9/17/2003 6:00,0.731570183
517,9/17/2003 18:00,0.7319247
518,9/18/2003 6:00,0.732228571
519,9/18/2003 18:00,0.732633733
520,9/19/2003 6:00,0.733038894
521,9/19/2003 18:00,0.733444056
522,9/20/2003 6:00,0.733849218
523,9/20/2003 18:00,0.734608896
524,9/21/2003 6:00,0.735317929
525,9/21/2003 18:00,0.736128253
526,9/22/2003 6:00,0.736938576
527,9/22/2003 18:00,0.7377489
528,9/23/2003 6:00,0.738609868
529,9/23/2003 18:00,0.739268256
530,9/24/2003 6:00,0.739875999
531,9/24/2003 18:00,0.740635677
532,9/25/2003 6:00,0.74134471
533,9/25/2003 18:00,0.741901808
534,9/26/2003 6:00,0.742458905
535,9/26/2003 18:00,0.742661486
536,9/27/2003 6:00,0.742864067
537,9/27/2003 18:00,0.742864067
538,9/28/2003 6:00,0.742864067
539,9/28/2003 18:00,0.743016002
540,9/29/2003 6:00,0.743218583
541,9/29/2003 18:00,0.743623745
542,9/30/2003 6:00,0.744028907
543,9/30/2003 18:00,0.744586004
544,10/1/2003 6:00,0.745092456
545,10/1/2003 18:00,0.74590278
546,10/2/2003 6:00,0.746662458
547,10/2/2003 18:00,0.747523427
548,10/3/2003 6:00,0.74833375
549,10/3/2003 18:00,0.749144074
550,10/4/2003 6:00,0.749903752
551,10/4/2003 18:00,0.750511495
552,10/5/2003 6:30,0.751017947
553,10/5/2003 18:00,0.751524399
554,10/6/2003 6:30,0.751980206
555,10/6/2003 18:00,0.752436013
556,10/7/2003 6:30,0.752841175
557,10/7/2003 18:00,0.753296982
558,10/8/2003 6:30,0.753702144
559,10/8/2003 17:30,0.754006015
560,10/9/2003 6:30,0.754208596
561,10/9/2003 17:30,0.754461822
562,10/10/2003 6:30,0.754613757
563,10/10/2003 17:30,0.754563112
564,10/11/2003 6:30,0.754461822
565,10/11/2003 17:30,0.754107305
566,10/12/2003 6:30,0.753854079
567,10/12/2003 17:30,0.753499563
568,10/13/2003 6:30,0
569,10/13/2003 17:30,0
570,10/14/2003 6:30,0
571,10/14/2003 17:30,0
572,10/15/2003 6:30,0
573,10/15/2003 17:30,0
574,10/16/2003 6:30,0
575,10/16/2003 17:30,0
576,10/17/2003 6:30,0
577,10/17/2003 17:30,0
578,10/18/2003 6:30,0
579,10/18/2003 17:30,0
580,10/19/2003 6:30,0
581,10/19/2003 17:30,0
582,10/20/2003 6:30,0
583,10/20/2003 17:30,0
584,10/21/2003 6:30,0
585,10/21/2003 17:30,0
586,10/22/2003 6:30,0
587,10/22/2003 17:30,0
588,10/23/2003 6:30,0
589,10/23/2003 17:30,0
590,10/24/2003 6:30,0
591,10/24/2003 17:30,0
592,10/25/2003 6:30,0
593,10/25/2003 17:30,0
594,10/26/2003 6:30,0
595,10/26/2003 17:30,0
596,10/27/2003 6:30,0
597,10/27/2003 17:30,0
598,10/28/2003 7:00,0
599,10/28/2003 17:30,0
600,10/29/2003 7:00,0
601,10/29/2003 17:30,0
602,10/30/2003 7:00,0
603,10/30/2003 17:30,0
604,10/31/2003 7:00,0
605,10/31/2003 17:30,0
606,11/1/2003 7:00,0
607,11/1/2003 17:00,0
608,11/2/2003 7:00,0
609,11/2/2003 17:00,0
610,11/3/2003 7:00,0
611,11/3/2003 17:00,0
612,11/4/2003 7:00,0
613,11/4/2003 17:00,0
614,11/5/2003 7:00,0
615,11/5/2003 17:00,0
616,11/6/2003 7:00,0
617,11/6/2003 17:00,0
618,11/7/2003 7:00,0
619,11/7/2003 17:00,0
620,11/8/2003 7:00,0
621,11/8/2003 17:00,0
622,11/9/2003 7:00,0
623,11/9/2003 17:00,0
624,11/10/2003 7:00,0
625,11/10/2003 17:00,0
626,11/11/2003 7:00,0
627,11/11/2003 17:00,0
628,11/12/2003 7:00,0
629,11/12/2003 17:00,0
630,11/13/2003 7:00,0
631,11/13/2003 17:00,0
632,11/14/2003 7:00,0
633,11/14/2003 17:00,0
634,11/15/2003 7:00,0
635,11/15/2003 17:00,0
636,11/16/2003 7:00,0
637,11/16/2003 17:00,0
638,11/17/2003 7:00,0
639,11/17/2003 17:00,0
640,11/18/2003 7:00,0
641,11/18/2003 17:00,0
642,11/19/2003 7:00,0
643,11/19/2003 17:00,0
644,11/20/2003 7:00,0
645,11/20/2003 17:00,0
646,11/21/2003 7:00,0
647,11/21/2003 17:00,0
648,11/22/2003 7:00,0
649,11/22/2003 17:00,0
650,11/23/2003 7:00,0
651,11/23/2003 17:00,0
652,11/24/2003 7:00,0
653,11/24/2003 17:00,0
654,11/25/2003 7:00,0
655,11/25/2003 17:00,0
656,11/26/2003 7:30,0
657,11/26/2003 17:00,0
658,11/27/2003 7:30,0
659,11/27/2003 17:00,0
660,11/28/2003 7:30,0
661,11/28/2003 17:00,0
662,11/29/2003 7:30,0
663,11/29/2003 17:00,0
664,11/30/2003 7:30,0
665,11/30/2003 17:00,0
666,12/1/2003 7:30,0
667,12/1/2003 16:30,0
668,12/2/2003 7:30,0
669,12/2/2003 16:30,0
670,12/3/2003 7:30,0
671,12/3/2003 16:30,0
672,12/4/2003 7:30,0
673,12/4/2003 16:30,0
674,12/5/2003 7:30,0
675,12/5/2003 16:30,0
676,12/6/2003 7:30,0
677,12/6/2003 16:30,0
678,12/7/2003 7:30,0
679,12/7/2003 16:30,0
680,12/8/2003 7:30,0
681,12/8/2003 16:30,0
682,12/9/2003 7:30,0
683,12/9/2003 16:30,0
684,12/10/2003 7:30,0
685,12/10/2003 16:30,0
686,12/11/2003 7:30,0
687,12/11/2003 16:30,0
688,12/12/2003 7:30,0
689,12/12/2003 16:30,0
690,12/13/2003 7:30,0
691,12/13/2003 16:30,0
692,12/14/2003 7:30,0
693,12/14/2003 16:30,0
694,12/15/2003 7:30,0
695,12/15/2003 16:30,0
696,12/16/2003 7:30,0
697,12/16/2003 16:30,0
698,12/17/2003 7:30,0
699,12/17/2003 16:30,0
700,12/18/2003 7:30,0
701,12/18/2003 16:30,0
702,12/19/2003 7:30,0
703,12/19/2003 16:30,0
704,12/20/2003 7:30,0
705,12/20/2003 16:30,0
706,12/21/2003 7:30,0
707,12/21/2003 16:30,0
708,12/22/2003 7:30,0
709,12/22/2003 16:30,0
710,12/23/2003 7:30,0
711,12/23/2003 16:30,0
712,12/24/2003 7:30,0
713,12/24/2003 16:30,0
714,12/25/2003 7:30,0
715,12/25/2003 16:30,0
716,12/26/2003 7:30,0
717,12/26/2003 16:30,0
718,12/27/2003 7:30,0
719,12/27/2003 16:30,0
720,12/28/2003 7:30,0
721,12/28/2003 16:30,0
722,12/29/2003 7:30,0
723,12/29/2003 16:30,0
724,12/30/2003 7:30,0
725,12/30/2003 16:30,0
726,12/31/2003 7:30,0
727,12/31/2003 16:30,0
728,1/1/2003 7:30,0
729,1/1/2003 16:30,0
0,1/2/2004 7:30,0
1,1/2/2004 16:30,0
2,1/3/2004 7:30,0
3,1/3/2004 16:30,0
4,1/4/2004 7:30,0
5,1/4/2004 16:30,0
6,1/5/2004 7:30,0
7,1/5/2004 16:30,0
8,1/6/2004 7:30,0
9,1/6/2004 16:30,0
10,1/7/2004 7:30,0
11,1/7/2004 16:30,0
12,1/8/2004 7:30,0
13,1/8/2004 16:30,0
14,1/9/2004 7:30,0
15,1/9/2004 16:30,0
16,1/10/2004 7:30,0
17,1/10/2004 16:30,0
18,1/11/2004 7:30,0
19,1/11/2004 16:30,0
20,1/12/2004 7:30,0
21,1/12/2004 16:30,0
22,1/13/2004 7:30,0
23,1/13/2004 16:30,0
24,1/14/2004 7:30,0
25,1/14/2004 16:30,0
26,1/15/2004 7:30,0
27,1/15/2004 17:00,0
28,1/16/2004 7:30,0
29,1/16/2004 17:00,0
30,1/17/2004 7:30,0
31,1/17/2004 17:00,0
32,1/18/2004 7:30,0
33,1/18/2004 17:00,0
34,1/19/2004 7:30,0
35,1/19/2004 17:00,0
36,1/20/2004 7:30,0
37,1/20/2004 17:00,0
38,1/21/2004 7:00,0
39,1/21/2004 17:00,0
40,1/22/2004 7:00,0
41,1/22/2004 17:00,0
42,1/23/2004 7:00,0
43,1/23/2004 17:00,0
44,1/24/2004 7:00,0
45,1/24/2004 17:00,0
46,1/25/2004 7:00,0
47,1/25/2004 17:00,0
48,1/26/2004 7:00,0
49,1/26/2004 17:00,0
50,1/27/2004 7:00,0
51,1/27/2004 17:00,0
52,1/28/2004 7:00,0
53,1/28/2004 17:00,0
54,1/29/2004 7:00,0
55,1/29/2004 17:00,0
56,1/30/2004 7:00,0
57,1/30/2004 17:00,0
58,1/31/2004 7:00,0
59,1/31/2004 17:00,0
60,2/1/2004 7:00,0
61,2/1/2004 17:00,0
62,2/2/2004 7:00,0
63,2/2/2004 17:00,0
64,2/3/2004 7:00,0
65,2/3/2004 17:00,0
66,2/4/2004 7:00,0
67,2/4/2004 17:00,0
68,2/5/2004 7:00,0
69,2/5/2004 17:00,0
70,2/6/2004 7:00,0
71,2/6/2004 17:00,0
72,2/7/2004 7:00,0
73,2/7/2004 17:00,0
74,2/8/2004 7:00,0
75,2/8/2004 17:00,0
76,2/9/2004 7:00,0
77,2/9/2004 17:00,0
78,2/10/2004 7:00,0
79,2/10/2004 17:00,0
80,2/11/2004 7:00,0
81,2/11/2004 17:00,0
82,2/12/2004 7:00,0
83,2/12/2004 17:00,0
84,2/13/2004 7:00,0
85,2/13/2004 17:00,0
86,2/14/2004 7:00,0
87,2/14/2004 17:30,0
88,2/15/2004 7:00,0
89,2/15/2004 17:30,0
90,2/16/2004 7:00,0
91,2/16/2004 17:30,0
92,2/17/2004 7:00,0
93,2/17/2004 17:30,0
94,2/18/2004 6:30,0
95,2/18/2004 17:30,0
96,2/19/2004 6:30,0
97,2/19/2004 17:30,0
98,2/20/2004 6:30,0
99,2/20/2004 17:30,0
100,2/21/2004 6:30,0
101,2/21/2004 17:30,0
102,2/22/2004 6:30,0
103,2/22/2004 17:30,0
104,2/23/2004 6:30,0
105,2/23/2004 17:30,0
106,2/24/2004 6:30,0
107,2/24/2004 17:30,0
108,2/25/2004 6:30,0
109,2/25/2004 17:30,0
110,2/26/2004 6:30,0
111,2/26/2004 17:30,0
112,2/27/2004 6:30,0
113,2/27/2004 17:30,0
114,2/28/2004 6:30,0
115,2/28/2004 17:30,0
116,2/29/2004 6:30,0
117,2/29/2004 17:30,0
118,3/1/2004 6:30,0
119,3/1/2004 17:30,0
120,3/2/2004 6:30,0
121,3/2/2004 17:30,0
122,3/3/2004 6:30,0
123,3/3/2004 17:30,0
124,3/4/2004 6:30,0
125,3/4/2004 17:30,0
126,3/5/2004 6:30,0
127,3/5/2004 17:30,0
128,3/6/2004 6:30,0
129,3/6/2004 17:30,0
130,3/7/2004 6:30,0
131,3/7/2004 17:30,0
132,3/8/2004 6:30,0
133,3/8/2004 17:30,0
134,3/9/2004 6:30,0
135,3/9/2004 18:00,0
136,3/10/2004 6:30,0
137,3/10/2004 18:00,0
138,3/11/2004 6:30,0
139,3/11/2004 18:00,0
140,3/12/2004 6:00,0
141,3/12/2004 18:00,0
142,3/13/2004 6:00,0
143,3/13/2004 18:00,0
144,3/14/2004 6:00,0
145,3/14/2004 18:00,0
146,3/15/2004 6:00,0
147,3/15/2004 18:00,0
148,3/16/2004 6:00,0
149,3/16/2004 18:00,0
150,3/17/2004 6:00,0
151,3/17/2004 18:00,0
152,3/18/2004 6:00,0
153,3/18/2004 18:00,0
154,3/19/2004 6:00,0
155,3/19/2004 18:00,0
156,3/20/2004 6:00,0
157,3/20/2004 18:00,0
158,3/21/2004 6:00,0
159,3/21/2004 18:00,0
160,3/22/2004 6:00,0
161,3/22/2004 18:00,0
162,3/23/2004 6:00,0
163,3/23/2004 18:00,0
164,3/24/2004 6:00,0
165,3/24/2004 18:00,0
166,3/25/2004 6:00,0
167,3/25/2004 18:00,0
168,3/26/2004 6:00,0
169,3/26/2004 18:00,0
170,3/27/2004 6:00,0
171,3/27/2004 18:00,0
172,3/28/2004 6:00,0
173,3/28/2004 18:00,0
174,3/29/2004 6:00,0
175,3/29/2004 18:00,0
176,3/30/2004 6:00,0
177,3/30/2004 18:00,0
178,3/31/2004 6:00,0
179,3/31/2004 18:00,0
180,4/1/2004 6:00,0
181,4/1/2004 18:30,0
182,4/2/2004 6:00,0
183,4/2/2004 18:30,0
184,4/3/2004 6:00,0
185,4/3/2004 18:30,0
186,4/4/2004 5:30,0
187,4/4/2004 18:30,0
188,4/5/2004 5:30,0
189,4/5/2004 18:30,0
190,4/6/2004 5:30,0
191,4/6/2004 18:30,0
192,4/7/2004 5:30,0
193,4/7/2004 18:30,0
194,4/8/2004 5:30,0
195,4/8/2004 18:30,0
196,4/9/2004 5:30,0
197,4/9/2004 18:30,0
198,4/10/2004 5:30,0
199,4/10/2004 18:30,0
200,4/11/2004 5:30,0
201,4/11/2004 18:30,0
202,4/12/2004 5:30,0
203,4/12/2004 18:30,0
204,4/13/2004 5:30,0
205,4/13/2004 18:30,0
206,4/14/2004 5:30,0
207,4/14/2004 18:30,0
208,4/15/2004 5:30,0
209,4/15/2004 18:30,0
210,4/16/2004 5:30,0
211,4/16/2004 18:30,0
212,4/17/2004 5:30,0
213,4/17/2004 18:30,0
214,4/18/2004 5:30,0
215,4/18/2004 18:30,0
216,4/19/2004 5:30,0
217,4/19/2004 18:30,0
218,4/20/2004 5:30,0
219,4/20/2004 18:30,0
220,4/21/2004 5:30,0
221,4/21/2004 18:30,0
222,4/22/2004 5:30,0
223,4/22/2004 18:30,0
224,4/23/2004 5:30,0
225,4/23/2004 18:30,0
226,4/24/2004 5:30,0
227,4/24/2004 19:00,0
228,4/25/2004 5:30,0
229,4/25/2004 19:00,0
230,4/26/2004 5:30,0
231,4/26/2004 19:00,0
232,4/27/2004 5:30,0
233,4/27/2004 19:00,0
234,4/28/2004 5:00,0
235,4/28/2004 19:00,0
236,4/29/2004 5:00,0
237,4/29/2004 19:00,0
238,4/30/2004 5:00,0
239,4/30/2004 19:00,0
240,5/1/2004 5:00,0
241,5/1/2004 19:00,0
242,5/2/2004 5:00,0
243,5/2/2004 19:00,0
244,5/3/2004 5:00,0
245,5/3/2004 19:00,0
246,5/4/2004 5:00,0
247,5/4/2004 19:00,0
248,5/5/2004 5:00,0
249,5/5/2004 19:00,0
250,5/6/2004 5:00,0
251,5/6/2004 19:00,0
252,5/7/2004 5:00,0
253,5/7/2004 19:00,0
254,5/8/2004 5:00,0
255,5/8/2004 19:00,0
256,5/9/2004 5:00,0
257,5/9/2004 19:00,0
258,5/10/2004 5:00,0
259,5/10/2004 19:00,0
260,5/11/2004 5:00,0
261,5/11/2004 19:00,0
262,5/12/2004 5:00,0
263,5/12/2004 19:00,0
264,5/13/2004 5:00,0
265,5/13/2004 19:00,0
266,5/14/2004 5:00,0
267,5/14/2004 19:00,0
268,5/15/2004 5:00,0
269,5/15/2004 19:00,0
270,5/16/2004 5:00,0
271,5/16/2004 19:00,0
272,5/17/2004 5:00,0
273,5/17/2004 19:00,0
274,5/18/2004 5:00,0
275,5/18/2004 19:00,0
276,5/19/2004 5:00,0
277,5/19/2004 19:00,0
278,5/20/2004 5:00,0
279,5/20/2004 19:00,0
280,5/21/2004 5:00,0
281,5/21/2004 19:00,0
282,5/22/2004 5:00,0
283,5/22/2004 19:00,0
284,5/23/2004 5:00,0
285,5/23/2004 19:00,0
286,5/24/2004 5:00,0
287,5/24/2004 19:30,0
288,5/25/2004 5:00,0
289,5/25/2004 19:30,0
290,5/26/2004 5:00,0
291,5/26/2004 19:30,0
292,5/27/2004 5:00,0
293,5/27/2004 19:30,0
294,5/28/2004 5:00,0
295,5/28/2004 19:30,0
296,5/29/2004 5:00,0
297,5/29/2004 19:30,0
298,5/30/2004 4:30,0
299,5/30/2004 19:30,0
300,5/31/2004 4:30,0
301,5/31/2004 19:30,0
302,6/1/2004 4:30,0
303,6/1/2004 19:30,0
304,6/2/2004 4:30,0
305,6/2/2004 19:30,0
306,6/3/2004 4:30,0
307,6/3/2004 19:30,0
308,6/4/2004 4:30,0
309,6/4/2004 19:30,0
310,6/5/2004 4:30,0
311,6/5/2004 19:30,0
312,6/6/2004 4:30,0
313,6/6/2004 19:30,0
314,6/7/2004 4:30,0
315,6/7/2004 19:30,0
316,6/8/2004 4:30,0
317,6/8/2004 19:30,0
318,6/9/2004 4:30,0
319,6/9/2004 19:30,0
320,6/10/2004 4:30,0
321,6/10/2004 19:30,0
322,6/11/2004 4:30,0
323,6/11/2004 19:30,0
324,6/12/2004 4:30,0
325,6/12/2004 19:30,0
326,6/13/2004 4:30,0
327,6/13/2004 19:30,0
328,6/14/2004 4:30,0
329,6/14/2004 19:30,0
330,6/15/2004 4:30,0
331,6/15/2004 19:30,0
332,6/16/2004 4:30,0
333,6/16/2004 19:30,0
334,6/17/2004 4:30,0
335,6/17/2004 19:30,0
336,6/18/2004 4:30,0
337,6/18/2004 19:30,0
338,6/19/2004 4:30,0
339,6/19/2004 19:30,0
340,6/20/2004 4:30,0
341,6/20/2004 19:30,0
342,6/21/2004 4:30,0
343,6/21/2004 19:30,0.638129755
344,6/22/2004 4:30,0.637775238
345,6/22/2004 19:30,0.637572657
346,6/23/2004 4:30,0.637167496
347,6/23/2004 19:30,0.637066205
348,6/24/2004 4:30,0.636812979
349,6/24/2004 19:30,0.637167496
350,6/25/2004 4:30,0.637673948
351,6/25/2004 19:30,0.638484271
352,6/26/2004 4:30,0.639750402
353,6/26/2004 19:30,0.640915242
354,6/27/2004 4:30,0.64283976
355,6/27/2004 19:30,0.644409762
356,6/28/2004 4:30,0.646942023
357,6/28/2004 19:30,0.648309444
358,6/29/2004 4:30,0.650588478
359,6/29/2004 19:30,0.651955899
360,6/30/2004 4:30,0.654184289
361,6/30/2004 19:30,0.65555171
362,7/1/2004 4:30,0.657830745
363,7/1/2004 19:30,0.65914752
364,7/2/2004 4:30,0.66127462
365,7/2/2004 19:30,0.662743331
366,7/3/2004 4:30,0.665123656
367,7/3/2004 19:30,0.666845594
368,7/4/2004 4:30,0.669681726
369,7/4/2004 19:30,0.671403663
370,7/5/2004 4:30,0.674239796
371,7/5/2004 19:30,0.675961733
372,7/6/2004 4:30,0.678797865
373,7/6/2004 19:30,0.680621093
374,7/7/2004 4:30,0.683710451
375,7/7/2004 19:30,0.685584325
376,7/8/2004 4:30,0.688724328
377,7/8/2004 19:30,0.690547556
378,7/9/2004 4:30,0.693636914
379,7/9/2004 19:30,0.695358852
380,7/10/2004 4:30,0.698296274
381,7/10/2004 19:30,0.700068857
382,7/11/2004 4:30,0.703056925
383,7/11/2004 19:30,0.704981443
384,7/12/2004 4:30,0.708121447
385,7/12/2004 19:30,0.709944675
386,7/13/2004 4:30,0.712882097
387,7/13/2004 19:30,0.714452099
388,7/14/2004 4:30,0.717136296
389,7/14/2004 19:30,0.718605007
390,7/15/2004 4:30,0.721035978
391,7/15/2004 19:30,0.722605979
392,7/16/2004 4:30,0.725087595
393,7/16/2004 19:30,0.726708242
394,7/17/2004 5:00,0.729139213
395,7/17/2004 19:30,0.730607924
396,7/18/2004 5:00,0.732785668
397,7/18/2004 19:30,0.73435567
398,7/19/2004 5:00,0.736735995
399,7/19/2004 19:30,0.738609868
400,7/20/2004 5:00,0.741496646
401,7/20/2004 19:30,0.743370519
402,7/21/2004 5:00,0.746206651
403,7/21/2004 19:30,0.748080524
404,7/22/2004 5:00,0.750815366
405,7/22/2004 19:30,0.752942465
406,7/23/2004 5:00,0.756082469
407,7/23/2004 19:00,0.758260213
408,7/24/2004 5:00,0.761248281
409,7/24/2004 19:00,0.762868928
410,7/25/2004 5:00,0.765198608
411,7/25/2004 19:00,0.766464739
412,7/26/2004 5:00,0.768287967
413,7/26/2004 19:00,0.769655387
414,7/27/2004 5:00,0.771529261
415,7/27/2004 19:00,0.772846036
416,7/28/2004 5:00,0.774669264
417,7/28/2004 19:00,0.776188621
418,7/29/2004 5:00,0.77831572
419,7/29/2004 19:00,0.780088302
420,7/30/2004 5:00,0.782620563
421,7/30/2004 19:00,0.784798308
422,7/31/2004 5:00,0.787837021
423,7/31/2004 19:00,0.790065411
424,8/1/2004 5:00,0.793104124
425,8/1/2004 19:00,0.795231223
426,8/2/2004 5:00,0.798219291
427,8/2/2004 19:00,0.800245099
428,8/3/2004 5:00,0.803030586
429,8/3/2004 19:00,0.805157686
430,8/4/2004 5:00,0.808044463
431,8/4/2004 19:00,0.810171562
432,8/5/2004 5:00,0.81315963
433,8/5/2004 19:00,0.815337375
434,8/6/2004 5:00,0.818426733
435,8/6/2004 19:00,0.820705768
436,8/7/2004 5:00,0.823896417
437,8/7/2004 19:00,0.826378032
438,8/8/2004 5:00,0.829872552
439,8/8/2004 19:00,0.832455459
440,8/9/2004 5:00,0.836101914
441,8/9/2004 19:00,0.83868482
442,8/10/2004 5:00,0.842331276
443,8/10/2004 19:00,0.845015473
444,8/11/2004 5:00,0.848712574
445,8/11/2004 19:00,0.851346125
446,8/12/2004 5:00,0.854992581
447,8/12/2004 19:00,0.857322261
448,8/13/2004 5:00,0.860563555
449,8/13/2004 19:00,0.86284259
450,8/14/2004 5:00,0.866033238
451,8/14/2004 19:00,0.868312273
452,8/15/2004 5:00,0.871502922
453,8/15/2004 19:00,0.873731312
454,8/16/2004 5:00,0.876871315
455,8/16/2004 19:00,0.87904906
456,8/17/2004 5:00,0.882087773
457,8/17/2004 19:00,0.884468098
458,8/18/2004 5:30,0.887456166
459,8/18/2004 19:00,0.889836491
460,8/19/2004 5:30,0.892773914
461,8/19/2004 19:00,0.894698432
462,8/20/2004 5:30,0.897230693
463,8/20/2004 19:00,0.898699404
464,8/21/2004 5:30,0.900573278
465,8/21/2004 19:00,0.901890053
466,8/22/2004 5:30,0.9035107
467,8/22/2004 18:30,0.904979412
468,8/23/2004 5:30,0.906701349
469,8/23/2004 18:30,0.908119415
470,8/24/2004 5:30,0.909841353
471,8/24/2004 18:30,0.911360709
472,8/25/2004 5:30,0.913183937
473,8/25/2004 18:30,0.915007165
474,8/26/2004 5:30,0.917184909
475,8/26/2004 18:30,0.919312008
476,8/27/2004 5:30,0.921742979
477,8/27/2004 18:30,0.923718142
478,8/28/2004 5:30,0.926047823
479,8/28/2004 18:30,0.927516534
480,8/29/2004 5:30,0.929289117
481,8/29/2004 18:30,0.930909764
482,8/30/2004 5:30,0.932834282
483,8/30/2004 18:30,0.934606864
484,8/31/2004 5:30,0.936632673
485,8/31/2004 18:30,0.938202675
486,9/1/2004 5:30,0.940076548
487,9/1/2004 18:30,0.941697195
488,9/2/2004 5:30,0.943621713
489,9/2/2004 18:30,0.945647522
490,9/3/2004 5:30,0.948027847
491,9/3/2004 18:30,0.949749785
492,9/4/2004 5:30,0.951724948
493,9/4/2004 18:30,0.953092369
494,9/5/2004 5:30,0.954763661
495,9/5/2004 18:30,0.955827211
496,9/6/2004 5:30,0.957194632
497,9/6/2004 18:30,0.95795431
498,9/7/2004 5:30,0.958865924
499,9/7/2004 18:30,0.959777538
500,9/8/2004 5:30,0.960841088
501,9/8/2004 18:30,0.962005928
502,9/9/2004 5:30,0.963373349
503,9/9/2004 18:30,0.964487543
504,9/10/2004 5:30,0.965753674
505,9/10/2004 18:30,0.966969159
506,9/11/2004 5:30,0.96833658
507,9/11/2004 18:30,0.969906582
508,9/12/2004 6:00,0.971476584
509,9/12/2004 18:30,0.972641424
510,9/13/2004 6:00,0.973806264
511,9/13/2004 18:30,0.974717878
512,9/14/2004 6:00,0.975629492
513,9/14/2004 18:30,0.97649046
514,9/15/2004 6:00,0.977351429
515,9/15/2004 18:00,0.978313688
516,9/16/2004 6:00,0.979225302
517,9/16/2004 18:00,0.980136916
518,9/17/2004 6:00,0.980997885
519,9/17/2004 18:00,0.981757563
520,9/18/2004 6:00,0.982517241
521,9/18/2004 18:00,0.983124984
522,9/19/2004 6:00,0.983682081
523,9/19/2004 18:00,0.984036598
524,9/20/2004 6:00,0.984340469
525,9/20/2004 18:00,0.98464434
526,9/21/2004 6:00,0.984948212
527,9/21/2004 18:00,0.985353374
528,9/22/2004 6:00,0.985809181
529,9/22/2004 18:00,0.986011761
530,9/23/2004 6:00,0.986214342
531,9/23/2004 18:00,0.986264987
532,9/24/2004 6:00,0.986366278
533,9/24/2004 18:00,0.986366278
534,9/25/2004 6:00,0.986416923
535,9/25/2004 18:00,0.986467568
536,9/26/2004 6:00,0.986518214
537,9/26/2004 18:00,0.986467568
538,9/27/2004 6:00,0.986366278
539,9/27/2004 18:00,0.986974021
540,9/28/2004 6:00,0.987531118
541,9/28/2004 18:00,0.988493377
542,9/29/2004 6:00,0.989404991
543,9/29/2004 18:00,0.990721767
544,9/30/2004 6:00,0.992038542
545,9/30/2004 18:00,0.993456609
546,10/1/2004 6:00,0.994824029
547,10/1/2004 18:00,0.995887579
548,10/2/2004 6:00,0.996900483
549,10/2/2004 18:00,0.997305645
550,10/3/2004 6:00,0.997710807
551,10/3/2004 18:00,0.998166614
552,10/4/2004 6:00,0.998571776
553,10/4/2004 18:00,0.998825002
554,10/5/2004 6:30,0.999078228
555,10/5/2004 18:00,0.999179518
556,10/6/2004 6:30,0.999230163
557,10/6/2004 18:00,0.999635325
558,10/7/2004 6:30,0.999989842
559,10/7/2004 18:00,1.000445649
560,10/8/2004 6:30,1.00085081
561,10/8/2004 17:30,1.001407908
562,10/9/2004 6:30,1.001863715
563,10/9/2004 17:30,1.002775329
564,10/10/2004 6:30,1.003484362
565,10/10/2004 17:30,1.004750492
566,10/11/2004 6:30,1.005712751
567,10/11/2004 17:30,1.007130818
568,10/12/2004 6:30,0.00116484
569,10/12/2004 17:30,0.003038713
570,10/13/2004 6:30,0.00465936
571,10/13/2004 17:30,0.006077426
572,10/14/2004 6:30,0.007292911
573,10/14/2004 17:30,0.008103235
574,10/15/2004 6:30,0.008913558
575,10/15/2004 17:30,0.009116139
576,10/16/2004 6:30,0.009369365
577,10/16/2004 17:30,0.009369365
578,10/17/2004 6:30,0.009369365
579,10/17/2004 17:30,0.009369365
580,10/18/2004 6:30,0.009369365
581,10/18/2004 17:30,0.00931872
582,10/19/2004 6:30,0.00931872
583,10/19/2004 17:30,0.00931872
584,10/20/2004 6:30,0.00931872
585,10/20/2004 17:30,0.00931872
586,10/21/2004 6:30,0.00931872
587,10/21/2004 17:30,0.00931872
588,10/22/2004 6:30,0.00931872
589,10/22/2004 17:30,0.00931872
590,10/23/2004 6:30,0.00931872
591,10/23/2004 17:30,0.00931872
592,10/24/2004 6:30,0.00931872
593,10/24/2004 17:30,0.009268075
594,10/25/2004 6:30,0.009268075
595,10/25/2004 17:30,0.009268075
596,10/26/2004 6:30,0.009268075
597,10/26/2004 17:30,0.009268075
598,10/27/2004 6:30,0.009268075
599,10/27/2004 17:30,0.009268075
600,10/28/2004 7:00,0.009268075
601,10/28/2004 17:30,0.009268075
602,10/29/2004 7:00,0.009268075
603,10/29/2004 17:30,0.009268075
604,10/30/2004 7:00,0.009268075
605,10/30/2004 17:30,0.00921743
606,10/31/2004 7:00,0.00921743
607,10/31/2004 17:30,0.00921743
608,11/1/2004 7:00,0.00921743
609,11/1/2004 17:00,0.00921743
610,11/2/2004 7:00,0.00921743
611,11/2/2004 17:00,0.00921743
612,11/3/2004 7:00,0.00921743
613,11/3/2004 17:00,0.00921743
614,11/4/2004 7:00,0.00921743
615,11/4/2004 17:00,0.00921743
616,11/5/2004 7:00,0.00921743
617,11/5/2004 17:00,0.009166785
618,11/6/2004 7:00,0.009166785
619,11/6/2004 17:00,0.009166785
620,11/7/2004 7:00,0.009166785
621,11/7/2004 17:00,0.009166785
622,11/8/2004 7:00,0.009166785
623,11/8/2004 17:00,0.009166785
624,11/9/2004 7:00,0.009166785
625,11/9/2004 17:00,0.009166785
626,11/10/2004 7:00,0.009166785
627,11/10/2004 17:00,0.009166785
628,11/11/2004 7:00,0.009166785
629,11/11/2004 17:00,0.009116139
630,11/12/2004 7:00,0.009116139
631,11/12/2004 17:00,0.009116139
632,11/13/2004 7:00,0.009116139
633,11/13/2004 17:00,0.009116139
634,11/14/2004 7:00,0.009116139
635,11/14/2004 17:00,0.009116139
636,11/15/2004 7:00,0.009116139
637,11/15/2004 17:00,0.009116139
638,11/16/2004 7:00,0.009116139
639,11/16/2004 17:00,0.009116139
640,11/17/2004 7:00,0.009116139
641,11/17/2004 17:00,0.009065494
642,11/18/2004 7:00,0.009065494
643,11/18/2004 17:00,0.009065494
644,11/19/2004 7:00,0.009065494
645,11/19/2004 17:00,0.009065494
646,11/20/2004 7:00,0.009065494
647,11/20/2004 17:00,0.009065494
648,11/21/2004 7:00,0.009065494
649,11/21/2004 17:00,0.009065494
650,11/22/2004 7:00,0.009065494
651,11/22/2004 17:00,0.009065494
652,11/23/2004 7:00,0.009065494
653,11/23/2004 17:00,0.009065494
654,11/24/2004 7:00,0.009014849
655,11/24/2004 17:00,0.009014849
656,11/25/2004 7:30,0.009014849
657,11/25/2004 17:00,0.009014849
658,11/26/2004 7:30,0.009014849
659,11/26/2004 17:00,0.009014849
660,11/27/2004 7:30,0.009014849
661,11/27/2004 17:00,0.009014849
662,11/28/2004 7:30,0.009014849
663,11/28/2004 17:00,0.009014849
664,11/29/2004 7:30,0.009014849
665,11/29/2004 17:00,0.009014849
666,11/30/2004 7:30,0.008964204
667,11/30/2004 17:00,0.008964204
668,12/1/2004 7:30,0.008964204
669,12/1/2004 16:30,0.008964204
670,12/2/2004 7:30,0.008964204
671,12/2/2004 16:30,0.008964204
672,12/3/2004 7:30,0.008964204
673,12/3/2004 16:30,0.008964204
674,12/4/2004 7:30,0.008964204
675,12/4/2004 16:30,0.008964204
676,12/5/2004 7:30,0.008964204
677,12/5/2004 16:30,0.008964204
678,12/6/2004 7:30,0.008964204
679,12/6/2004 16:30,0.008913558
680,12/7/2004 7:30,0.008913558
681,12/7/2004 16:30,0.008913558
682,12/8/2004 7:30,0.008913558
683,12/8/2004 16:30,0.008913558
684,12/9/2004 7:30,0.008913558
685,12/9/2004 16:30,0.008913558
686,12/10/2004 7:30,0.008913558
687,12/10/2004 16:30,0.008913558
688,12/11/2004 7:30,0.008913558
689,12/11/2004 16:30,0.008913558
690,12/12/2004 7:30,0.008913558
691,12/12/2004 16:30,0.008862913
692,12/13/2004 7:30,0.008862913
693,12/13/2004 16:30,0.008862913
694,12/14/2004 7:30,0.008862913
695,12/14/2004 16:30,0.008862913
696,12/15/2004 7:30,0.008862913
697,12/15/2004 16:30,0.008862913
698,12/16/2004 7:30,0.008862913
699,12/16/2004 16:30,0.008862913
700,12/17/2004 7:30,0.008862913
701,12/17/2004 16:30,0.008862913
702,12/18/2004 7:30,0.008862913
703,12/18/2004 16:30,0.008812268
704,12/19/2004 7:30,0.008812268
705,12/19/2004 16:30,0.008812268
706,12/20/2004 7:30,0.008812268
707,12/20/2004 16:30,0.008812268
708,12/21/2004 7:30,0.008812268
709,12/21/2004 16:30,0.008812268
710,12/22/2004 7:30,0.008812268
711,12/22/2004 16:30,0.008812268
712,12/23/2004 7:30,0.008812268
713,12/23/2004 16:30,0.008812268
714,12/24/2004 7:30,0.008812268
715,12/24/2004 16:30,0.008812268
716,12/25/2004 7:30,0.008761623
717,12/25/2004 16:30,0.008761623
718,12/26/2004 7:30,0.008761623
719,12/26/2004 16:30,0.008761623
720,12/27/2004 7:30,0.008761623
721,12/27/2004 16:30,0.008761623
722,12/28/2004 7:30,0.008761623
723,12/28/2004 16:30,0.008761623
724,12/29/2004 7:30,0.008761623
725,12/29/2004 16:30,0.008761623
726,12/30/2004 7:30,0.008761623
727,12/30/2004 16:30,0.008761623
728,12/31/2004 7:30,0.008761623
729,12/31/2004 16:30,0.008710978
730,1/1/2004 7:30,0.008710978
731,1/1/2004 16:30,0.008710978
0,1/2/2005 7:30,0.008710978
1,1/2/2005 16:30,0.008710978
2,1/3/2005 7:30,0.008710978
3,1/3/2005 16:30,0.008710978
4,1/4/2005 7:30,0.008710978
5,1/4/2005 16:30,0.008710978
6,1/5/2005 7:30,0.008710978
7,1/5/2005 16:30,0.008710978
8,1/6/2005 7:30,0.008710978
9,1/6/2005 16:30,0.008660332
10,1/7/2005 7:30,0.008660332
11,1/7/2005 16:30,0.008660332
12,1/8/2005 7:30,0.008660332
13,1/8/2005 16:30,0.008660332
14,1/9/2005 7:30,0.008660332
15,1/9/2005 16:30,0.008660332
16,1/10/2005 7:30,0.008660332
17,1/10/2005 16:30,0.008660332
18,1/11/2005 7:30,0.008660332
19,1/11/2005 16:30,0.008660332
20,1/12/2005 7:30,0.008660332
21,1/12/2005 16:30,0.008660332
22,1/13/2005 7:30,0.008609687
23,1/13/2005 16:30,0.008609687
24,1/14/2005 7:30,0.008609687
25,1/14/2005 16:30,0.008609687
26,1/15/2005 7:30,0.008609687
27,1/15/2005 17:00,0.008609687
28,1/16/2005 7:30,0.008609687
29,1/16/2005 17:00,0.008609687
30,1/17/2005 7:30,0.008609687
31,1/17/2005 17:00,0.008609687
32,1/18/2005 7:30,0.008609687
33,1/18/2005 17:00,0.008609687
34,1/19/2005 7:30,0.008609687
35,1/19/2005 17:00,0.008559042
36,1/20/2005 7:30,0.008559042
37,1/20/2005 17:00,0.008559042
38,1/21/2005 7:00,0.008559042
39,1/21/2005 17:00,0.008559042
40,1/22/2005 7:00,0.008559042
41,1/22/2005 17:00,0.008559042
42,1/23/2005 7:00,0.008559042
43,1/23/2005 17:00,0.008559042
44,1/24/2005 7:00,0.008559042
45,1/24/2005 17:00,0.008559042
46,1/25/2005 7:00,0.008559042
47,1/25/2005 17:00,0.008559042
48,1/26/2005 7:00,0.008508397
49,1/26/2005 17:00,0.008508397
50,1/27/2005 7:00,0.008508397
51,1/27/2005 17:00,0.008508397
52,1/28/2005 7:00,0.008508397
53,1/28/2005 17:00,0.008508397
54,1/29/2005 7:00,0.008508397
55,1/29/2005 17:00,0.008508397
56,1/30/2005 7:00,0.008508397
57,1/30/2005 17:00,0.008508397
58,1/31/2005 7:00,0.008508397
59,1/31/2005 17:00,0.008508397
60,2/1/2005 7:00,0.008508397
61,2/1/2005 17:00,0.008457752
62,2/2/2005 7:00,0.008457752
63,2/2/2005 17:00,0.008457752
64,2/3/2005 7:00,0.008457752
65,2/3/2005 17:00,0.008457752
66,2/4/2005 7:00,0.008457752
67,2/4/2005 17:00,0.008457752
68,2/5/2005 7:00,0.008457752
69,2/5/2005 17:00,0.008457752
70,2/6/2005 7:00,0.008457752
71,2/6/2005 17:00,0.008457752
72,2/7/2005 7:00,0.008457752
73,2/7/2005 17:00,0.008457752
74,2/8/2005 7:00,0.008407106
75,2/8/2005 17:00,0.008407106
76,2/9/2005 7:00,0.008407106
77,2/9/2005 17:00,0.008407106
78,2/10/2005 7:00,0.008407106
79,2/10/2005 17:00,0.008407106
80,2/11/2005 7:00,0.008407106
81,2/11/2005 17:00,0.008407106
82,2/12/2005 7:00,0.008407106
83,2/12/2005 17:00,0.008407106
84,2/13/2005 7:00,0.008407106
85,2/13/2005 17:00,0.008407106
86,2/14/2005 7:00,0.008407106
87,2/14/2005 17:30,0.008407106
88,2/15/2005 7:00,0.008356461
89,2/15/2005 17:30,0.008356461
90,2/16/2005 7:00,0.008356461
91,2/16/2005 17:30,0.008356461
92,2/17/2005 7:00,0.008356461
93,2/17/2005 17:30,0.008356461
94,2/18/2005 6:30,0.008356461
95,2/18/2005 17:30,0.008356461
96,2/19/2005 6:30,0.008356461
97,2/19/2005 17:30,0.008356461
98,2/20/2005 6:30,0.008356461
99,2/20/2005 17:30,0.008356461
100,2/21/2005 6:30,0.008356461
101,2/21/2005 17:30,0.008305816
102,2/22/2005 6:30,0.008305816
103,2/22/2005 17:30,0.008305816
104,2/23/2005 6:30,0.008305816
105,2/23/2005 17:30,0.008305816
106,2/24/2005 6:30,0.008305816
107,2/24/2005 17:30,0.008305816
108,2/25/2005 6:30,0.008305816
109,2/25/2005 17:30,0.008305816
110,2/26/2005 6:30,0.008305816
111,2/26/2005 17:30,0.008305816
112,2/27/2005 6:30,0.008305816
113,2/27/2005 17:30,0.008305816
114,2/28/2005 6:30,0.008255171
115,2/28/2005 17:30,0.008255171
116,3/1/2005 6:30,0.008255171
117,3/1/2005 17:30,0.008255171
118,3/2/2005 6:30,0.008255171
119,3/2/2005 17:30,0.008255171
120,3/3/2005 6:30,0.008255171
121,3/3/2005 17:30,0.008255171
122,3/4/2005 6:30,0.008255171
123,3/4/2005 17:30,0.008255171
124,3/5/2005 6:30,0.008255171
125,3/5/2005 17:30,0.008255171
126,3/6/2005 6:30,0.008255171
127,3/6/2005 17:30,0.008255171
128,3/7/2005 6:30,0.008204525
129,3/7/2005 17:30,0.008204525
130,3/8/2005 6:30,0.008204525
131,3/8/2005 17:30,0.008204525
132,3/9/2005 6:30,0.008204525
133,3/9/2005 17:30,0.008204525
134,3/10/2005 6:30,0.008204525
135,3/10/2005 18:00,0.008204525
136,3/11/2005 6:30,0.008204525
137,3/11/2005 18:00,0.008204525
138,3/12/2005 6:30,0.008204525
139,3/12/2005 18:00,0.008204525
140,3/13/2005 6:00,0.008204525
141,3/13/2005 18:00,0.00815388
142,3/14/2005 6:00,0.00815388
143,3/14/2005 18:00,0.00815388
144,3/15/2005 6:00,0.00815388
145,3/15/2005 18:00,0.00815388
146,3/16/2005 6:00,0.00815388
147,3/16/2005 18:00,0.00815388
148,3/17/2005 6:00,0.00815388
149,3/17/2005 18:00,0.00815388
150,3/18/2005 6:00,0.00815388
151,3/18/2005 18:00,0.00815388
152,3/19/2005 6:00,0.00815388
153,3/19/2005 18:00,0.00815388
154,3/20/2005 6:00,0.00815388
155,3/20/2005 18:00,0.008103235
156,3/21/2005 6:00,0.008103235
157,3/21/2005 18:00,0.008103235
158,3/22/2005 6:00,0.008103235
159,3/22/2005 18:00,0.008103235
160,3/23/2005 6:00,0.008103235
161,3/23/2005 18:00,0.008103235
162,3/24/2005 6:00,0.008103235
163,3/24/2005 18:00,0.008103235
164,3/25/2005 6:00,0.008103235
165,3/25/2005 18:00,0.008103235
166,3/26/2005 6:00,0.008103235
167,3/26/2005 18:00,0.008103235
168,3/27/2005 6:00,0.008103235
169,3/27/2005 18:00,0.00805259
170,3/28/2005 6:00,0.00805259
171,3/28/2005 18:00,0.00805259
172,3/29/2005 6:00,0.00805259
173,3/29/2005 18:00,0.00805259
174,3/30/2005 6:00,0.00805259
175,3/30/2005 18:00,0.00805259
176,3/31/2005 6:00,0.00805259
177,3/31/2005 18:00,0.00805259
178,4/1/2005 6:00,0.00805259
179,4/1/2005 18:30,0.00805259
180,4/2/2005 6:00,0.00805259
181,4/2/2005 18:30,0.00805259
182,4/3/2005 6:00,0.008001945
183,4/3/2005 18:30,0.008001945
184,4/4/2005 6:00,0.008001945
185,4/4/2005 18:30,0.008001945
186,4/5/2005 5:30,0.008001945
187,4/5/2005 18:30,0.008001945
188,4/6/2005 5:30,0.008001945
189,4/6/2005 18:30,0.008001945
190,4/7/2005 5:30,0.008001945
191,4/7/2005 18:30,0.008001945
192,4/8/2005 5:30,0.008001945
193,4/8/2005 18:30,0.008001945
194,4/9/2005 5:30,0.008001945
195,4/9/2005 18:30,0.008001945
196,4/10/2005 5:30,0.007951299
197,4/10/2005 18:30,0.007951299
198,4/11/2005 5:30,0.007951299
199,4/11/2005 18:30,0.007951299
200,4/12/2005 5:30,0.007951299
201,4/12/2005 18:30,0.007951299
202,4/13/2005 5:30,0.007951299
203,4/13/2005 18:30,0.007951299
204,4/14/2005 5:30,0.007951299
205,4/14/2005 18:30,0.007951299
206,4/15/2005 5:30,0.007951299
207,4/15/2005 18:30,0.007951299
208,4/16/2005 5:30,0.007951299
209,4/16/2005 18:30,0.007951299
210,4/17/2005 5:30,0.007900654
211,4/17/2005 18:30,0.007900654
212,4/18/2005 5:30,0.007900654
213,4/18/2005 18:30,0.007900654
214,4/19/2005 5:30,0.007900654
215,4/19/2005 18:30,0.007900654
216,4/20/2005 5:30,0.007900654
217,4/20/2005 18:30,0.007900654
218,4/21/2005 5:30,0.007900654
219,4/21/2005 18:30,0.007900654
220,4/22/2005 5:30,0.007900654
221,4/22/2005 18:30,0.007900654
222,4/23/2005 5:30,0.007900654
223,4/23/2005 18:30,0.007900654
224,4/24/2005 5:30,0.007850009
225,4/24/2005 18:30,0.007850009
226,4/25/2005 5:30,0.007850009
227,4/25/2005 19:00,0.007850009
228,4/26/2005 5:30,0.007850009
229,4/26/2005 19:00,0.007850009
230,4/27/2005 5:30,0.007850009
231,4/27/2005 19:00,0.007850009
232,4/28/2005 5:30,0.007850009
233,4/28/2005 19:00,0.007850009
234,4/29/2005 5:00,0.007850009
235,4/29/2005 19:00,0.007850009
236,4/30/2005 5:00,0.007850009
237,4/30/2005 19:00,0.007850009
238,5/1/2005 5:00,0.007799364
239,5/1/2005 19:00,0.007799364
240,5/2/2005 5:00,0.007799364
241,5/2/2005 19:00,0.007799364
242,5/3/2005 5:00,0.007799364
243,5/3/2005 19:00,0.007799364
244,5/4/2005 5:00,0.007799364
245,5/4/2005 19:00,0.007799364
246,5/5/2005 5:00,0.007799364
247,5/5/2005 19:00,0.007799364
248,5/6/2005 5:00,0.007799364
249,5/6/2005 19:00,0.007799364
250,5/7/2005 5:00,0.007799364
251,5/7/2005 19:00,0.007799364
252,5/8/2005 5:00,0.007799364
253,5/8/2005 19:00,0.007748718
254,5/9/2005 5:00,0.007748718
255,5/9/2005 19:00,0.007748718
256,5/10/2005 5:00,0.007748718
257,5/10/2005 19:00,0.007748718
258,5/11/2005 5:00,0.007748718
259,5/11/2005 19:00,0.007748718
260,5/12/2005 5:00,0.007748718
261,5/12/2005 19:00,0.007748718
262,5/13/2005 5:00,0.007748718
263,5/13/2005 19:00,0.007748718
264,5/14/2005 5:00,0.007748718
265,5/14/2005 19:00,0.007748718
266,5/15/2005 5:00,0.007748718
267,5/15/2005 19:00,0.007698073
268,5/16/2005 5:00,0.007698073
269,5/16/2005 19:00,0.007698073
270,5/17/2005 5:00,0.007698073
271,5/17/2005 19:00,0.007698073
272,5/18/2005 5:00,0.007698073
273,5/18/2005 19:00,0.007698073
274,5/19/2005 5:00,0.007698073
275,5/19/2005 19:00,0.007698073
276,5/20/2005 5:00,0.007698073
277,5/20/2005 19:00,0.007698073
278,5/21/2005 5:00,0.007698073
279,5/21/2005 19:00,0.007698073
280,5/22/2005 5:00,0.007698073
281,5/22/2005 19:00,0.007698073
282,5/23/2005 5:00,0.007647428
283,5/23/2005 19:00,0.007647428
284,5/24/2005 5:00,0.007647428
285,5/24/2005 19:30,0.007647428
286,5/25/2005 5:00,0.007647428
287,5/25/2005 19:30,0.007647428
288,5/26/2005 5:00,0.007647428
289,5/26/2005 19:30,0.007647428
290,5/27/2005 5:00,0.007647428
291,5/27/2005 19:30,0.007647428
292,5/28/2005 5:00,0.007647428
293,5/28/2005 19:30,0.007647428
294,5/29/2005 5:00,0.007647428
295,5/29/2005 19:30,0.007647428
296,5/30/2005 4:30,0.007596783
297,5/30/2005 19:30,0.007596783
298,5/31/2005 4:30,0.007596783
299,5/31/2005 19:30,0.007596783
300,6/1/2005 4:30,0.007596783
301,6/1/2005 19:30,0.007596783
302,6/2/2005 4:30,0.007596783
303,6/2/2005 19:30,0.007596783
304,6/3/2005 4:30,0.007596783
305,6/3/2005 19:30,0.007596783
306,6/4/2005 4:30,0.007596783
307,6/4/2005 19:30,0.007596783
308,6/5/2005 4:30,0.007596783
309,6/5/2005 19:30,0.007596783
310,6/6/2005 4:30,0.007596783
311,6/6/2005 19:30,0.007546138
312,6/7/2005 4:30,0.007546138
313,6/7/2005 19:30,0.007546138
314,6/8/2005 4:30,0.007546138
315,6/8/2005 19:30,0.007546138
316,6/9/2005 4:30,0.007546138
317,6/9/2005 19:30,0.007546138
318,6/10/2005 4:30,0.007546138
319,6/10/2005 19:30,0.007546138
320,6/11/2005 4:30,0.007546138
321,6/11/2005 19:30,0.007546138
322,6/12/2005 4:30,0.007546138
323,6/12/2005 19:30,0.007546138
324,6/13/2005 4:30,0.007546138
325,6/13/2005 19:30,0.007546138
326,6/14/2005 4:30,0.007495492
327,6/14/2005 19:30,0.007495492
328,6/15/2005 4:30,0.007495492
329,6/15/2005 19:30,0.007495492
330,6/16/2005 4:30,0.007495492
331,6/16/2005 19:30,0.007495492
332,6/17/2005 4:30,0.007495492
333,6/17/2005 19:30,0.007495492
334,6/18/2005 4:30,0.007495492
335,6/18/2005 19:30,0.007495492
336,6/19/2005 4:30,0.007495492
337,6/19/2005 19:30,0.007495492
338,6/20/2005 4:30,0.007495492
339,6/20/2005 19:30,0.007495492
340,6/21/2005 4:30,0.007444847
341,6/21/2005 19:30,0.007444847
342,6/22/2005 4:30,0.007444847
343,6/22/2005 19:30,0.007444847
344,6/23/2005 4:30,0.007444847
345,6/23/2005 19:30,0.007444847
346,6/24/2005 4:30,0.007444847
347,6/24/2005 19:30,0.007444847
348,6/25/2005 4:30,0.007444847
349,6/25/2005 19:30,0.007444847
350,6/26/2005 4:30,0.007444847
351,6/26/2005 19:30,0.007444847
352,6/27/2005 4:30,0.007444847
353,6/27/2005 19:30,0.007444847
354,6/28/2005 4:30,0.007444847
355,6/28/2005 19:30,0.007394202
356,6/29/2005 4:30,0.007394202
357,6/29/2005 19:30,0.007394202
358,6/30/2005 4:30,0.645523957
359,6/30/2005 19:30,0.645321376
360,7/1/2005 4:30,0.644966859
361,7/1/2005 19:30,0.644865569
362,7/2/2005 4:30,0.644713633
363,7/2/2005 19:30,0.645118795
364,7/3/2005 4:30,0.645827828
365,7/3/2005 19:30,0.646688797
366,7/4/2005 4:30,0.648157508
367,7/4/2005 19:30,0.649524929
368,7/5/2005 4:30,0.651702673
369,7/5/2005 19:30,0.653576546
370,7/6/2005 4:30,0.656665905
371,7/6/2005 19:30,0.658438487
372,7/7/2005 4:30,0.66137591
373,7/7/2005 19:30,0.663097847
374,7/8/2005 4:30,0.665984625
375,7/8/2005 19:30,0.667655917
376,7/9/2005 4:30,0.670390759
377,7/9/2005 19:30,0.671960761
378,7/10/2005 4:30,0.674543667
379,7/10/2005 19:30,0.675860443
380,7/11/2005 4:30,0.678088832
381,7/11/2005 19:30,0.679253672
382,7/12/2005 4:30,0.68117819
383,7/12/2005 19:30,0.682089804
384,7/13/2005 4:30,0.683609161
385,7/13/2005 19:30,0.684520775
386,7/14/2005 4:30,0.686040131
387,7/14/2005 19:30,0.68679981
388,7/15/2005 4:30,0.688015295
389,7/15/2005 19:30,0.688623038
390,7/16/2005 4:30,0.689635942
391,7/16/2005 19:30,0.690142394
392,7/17/2005 4:30,0.691003363
393,7/17/2005 19:30,0.691357879
394,7/18/2005 5:00,0.691914977
395,7/18/2005 19:30,0.692117558
396,7/19/2005 5:00,0.692421429
397,7/19/2005 19:30,0.693029172
398,7/20/2005 5:00,0.693940786
399,7/20/2005 19:30,0.694345947
400,7/21/2005 5:00,0.695004335
401,7/21/2005 19:30,0.695156271
402,7/22/2005 5:00,0.695358852
403,7/22/2005 19:30,0.695409497
404,7/23/2005 5:00,0.695460142
405,7/23/2005 19:30,0.695206916
406,7/24/2005 5:00,0.6948524
407,7/24/2005 19:00,0.694548528
408,7/25/2005 5:00,0.694194012
409,7/25/2005 19:00,0.693940786
410,7/26/2005 5:00,0.693586269
411,7/26/2005 19:00,0.693535624
412,7/27/2005 5:00,0.693586269
413,7/27/2005 19:00,0.693940786
414,7/28/2005 5:00,0.694548528
415,7/28/2005 19:00,0.695662723
416,7/29/2005 5:00,0.697232725
417,7/29/2005 19:00,0.6985495
418,7/30/2005 5:00,0.700372728
419,7/30/2005 19:00,0.701385633
420,7/31/2005 5:00,0.702803699
421,7/31/2005 19:00,0.703462087
422,8/1/2005 5:00,0.704323055
423,8/1/2005 19:00,0.704829508
424,8/2/2005 5:00,0.705487895
425,8/2/2005 19:00,0.705538541
426,8/3/2005 5:00,0.705589186
427,8/3/2005 19:00,0.705741122
428,8/4/2005 5:00,0.705943702
429,8/4/2005 19:00,0.706450155
430,8/5/2005 5:00,0.707209833
431,8/5/2005 19:00,0.70776693
432,8/6/2005 5:00,0.708526609
433,8/6/2005 19:00,0.709438222
434,8/7/2005 5:00,0.710754998
435,8/7/2005 19:00,0.711919838
436,8/8/2005 5:00,0.71359113
437,8/8/2005 19:00,0.71475597
438,8/9/2005 5:00,0.716477908
439,8/9/2005 19:00,0.717490812
440,8/10/2005 5:00,0.718858233
441,8/10/2005 19:00,0.720225654
442,8/11/2005 5:00,0.722099527
443,8/11/2005 19:00,0.723466948
444,8/12/2005 5:00,0.725340821
445,8/12/2005 19:00,0.726809532
446,8/13/2005 5:00,0.728835341
447,8/13/2005 19:00,0.730506633
448,8/14/2005 5:00,0.732937604
449,8/14/2005 19:00,0.734659541
450,8/15/2005 5:00,0.737090512
451,8/15/2005 19:00,0.73891374
452,8/16/2005 5:00,0.741446001
453,8/16/2005 19:00,0.743167938
454,8/17/2005 5:00,0.745497618
455,8/17/2005 19:00,0.747219556
456,8/18/2005 5:00,0.749549236
457,8/18/2005 19:00,0.751220528
458,8/19/2005 5:30,0.753398272
459,8/19/2005 19:00,0.7552215
460,8/20/2005 5:30,0.75755118
461,8/20/2005 19:00,0.759019892
462,8/21/2005 5:30,0.76094441
463,8/21/2005 19:00,0.762362476
464,8/22/2005 5:30,0.764084413
465,8/22/2005 18:30,0.765553125
466,8/23/2005 5:30,0.767275062
467,8/23/2005 18:30,0.768794419
468,8/24/2005 5:30,0.770617647
469,8/24/2005 18:30,0.772086358
470,8/25/2005 5:30,0.773808295
471,8/25/2005 18:30,0.775175716
472,8/26/2005 5:30,0.776796363
473,8/26/2005 18:30,0.778011848
474,8/27/2005 5:30,0.77948056
475,8/27/2005 18:30,0.780442819
476,8/28/2005 5:30,0.781506369
477,8/28/2005 18:30,0.782012821
478,8/29/2005 5:30,0.782569918
479,8/29/2005 18:30,0.782924435
480,8/30/2005 5:30,0.783278951
481,8/30/2005 18:30,0.783430887
482,8/31/2005 5:30,0.783633468
483,8/31/2005 18:30,0.783481532
484,9/1/2005 5:30,0.783278951
485,9/1/2005 18:30,0.783278951
486,9/2/2005 5:30,0.783278951
487,9/2/2005 18:30,0.783228306
488,9/3/2005 5:30,0.78307637
489,9/3/2005 18:30,0.782823144
490,9/4/2005 5:30,0.782519273
491,9/4/2005 18:30,0.782266047
492,9/5/2005 5:30,0.78191153
493,9/5/2005 18:30,0.781708949
494,9/6/2005 5:30,0.781506369
495,9/6/2005 18:30,0.781151852
496,9/7/2005 5:30,0.780797336
497,9/7/2005 18:30,0.780442819
498,9/8/2005 5:30,0.780088302
499,9/8/2005 18:30,0.779733786
500,9/9/2005 5:30,0.779379269
501,9/9/2005 18:30,0.779075398
502,9/10/2005 5:30,0.778720882
503,9/10/2005 18:30,0.778467655
504,9/11/2005 5:30,0.778214429
505,9/11/2005 18:30,0.778113139
506,9/12/2005 6:00,0.777961203
507,9/12/2005 18:30,0.777606687
508,9/13/2005 6:00,0.77725217
509,9/13/2005 18:30,0.776897654
510,9/14/2005 6:00,0.776593782
511,9/14/2005 18:30,0.776391201
512,9/15/2005 6:00,0.776239266
513,9/15/2005 18:00,0.776137975
514,9/16/2005 6:00,0.776036685
515,9/16/2005 18:00,0.77598604
516,9/17/2005 6:00,0.775935395
517,9/17/2005 18:00,0.775935395
518,9/18/2005 6:00,0.775935395
519,9/18/2005 18:00,0.775935395
520,9/19/2005 6:00,0.775884749
521,9/19/2005 18:00,0.775732814
522,9/20/2005 6:00,0.775530233
523,9/20/2005 18:00,0.775175716
524,9/21/2005 6:00,0.7748212
525,9/21/2005 18:00,0.774466683
526,9/22/2005 6:00,0.774112167
527,9/22/2005 18:00,0.77375765
528,9/23/2005 6:00,0.773403134
529,9/23/2005 18:00,0.773099262
530,9/24/2005 6:00,0.772795391
531,9/24/2005 18:00,0.77259281
532,9/25/2005 6:00,0.772390229
533,9/25/2005 18:00,0.772339584
534,9/26/2005 6:00,0.772339584
535,9/26/2005 18:00,0.772440874
536,9/27/2005 6:00,0.77259281
537,9/27/2005 18:00,0.772694101
538,9/28/2005 6:00,0.772795391
539,9/28/2005 18:00,0.77259281
540,9/29/2005 6:00,0.772390229
541,9/29/2005 18:00,0.772035713
542,9/30/2005 6:00,0.771681196
543,9/30/2005 18:00,0.771529261
544,10/1/2005 6:00,0.77132668
545,10/1/2005 18:00,0.771276034
546,10/2/2005 6:00,0.771174744
547,10/2/2005 18:00,0.771225389
548,10/3/2005 6:00,0.771225389
549,10/3/2005 18:00,0.771276034
550,10/4/2005 6:00,0.771225389
551,10/4/2005 18:00,0.771377325
552,10/5/2005 6:30,0.77142797
553,10/5/2005 18:00,0.771529261
554,10/6/2005 6:30,0.771681196
555,10/6/2005 18:00,0.771529261
556,10/7/2005 6:30,0.771478615
557,10/7/2005 18:00,0.771377325
558,10/8/2005 6:30,0.77132668
559,10/8/2005 17:30,0.771225389
560,10/9/2005 6:30,0.771174744
561,10/9/2005 17:30,0.771073454
562,10/10/2005 6:30,0.771022808
563,10/10/2005 17:30,0.770668292
564,10/11/2005 6:30,0.770313775
565,10/11/2005 17:30,0.769959259
566,10/12/2005 6:30,0.769655387
567,10/12/2005 17:30,0.769250226
568,10/13/2005 6:30,0
569,10/13/2005 17:30,0
570,10/14/2005 6:30,0
571,10/14/2005 17:30,0
572,10/15/2005 6:30,0
573,10/15/2005 17:30,0
574,10/16/2005 6:30,0
575,10/16/2005 17:30,0
576,10/17/2005 6:30,0
577,10/17/2005 17:30,0
578,10/18/2005 6:30,0
579,10/18/2005 17:30,0
580,10/19/2005 6:30,0
581,10/19/2005 17:30,0
582,10/20/2005 6:30,0
583,10/20/2005 17:30,0
584,10/21/2005 6:30,0
585,10/21/2005 17:30,0
586,10/22/2005 6:30,0
587,10/22/2005 17:30,0
588,10/23/2005 6:30,0
589,10/23/2005 17:30,0
590,10/24/2005 6:30,0
591,10/24/2005 17:30,0
592,10/25/2005 6:30,0
593,10/25/2005 17:30,0
594,10/26/2005 6:30,0
595,10/26/2005 17:30,0
596,10/27/2005 6:30,0
597,10/27/2005 17:30,0
598,10/28/2005 7:00,0
599,10/28/2005 17:30,0
600,10/29/2005 7:00,0
601,10/29/2005 17:30,0
602,10/30/2005 7:00,0
603,10/30/2005 17:30,0
604,10/31/2005 7:00,0
605,10/31/2005 17:30,0
606,11/1/2005 7:00,0
607,11/1/2005 17:00,0
608,11/2/2005 7:00,0
609,11/2/2005 17:00,0
610,11/3/2005 7:00,0
611,11/3/2005 17:00,0
612,11/4/2005 7:00,0
613,11/4/2005 17:00,0
614,11/5/2005 7:00,0
615,11/5/2005 17:00,0
616,11/6/2005 7:00,0
617,11/6/2005 17:00,0
618,11/7/2005 7:00,0
619,11/7/2005 17:00,0
620,11/8/2005 7:00,0
621,11/8/2005 17:00,0
622,11/9/2005 7:00,0
623,11/9/2005 17:00,0
624,11/10/2005 7:00,0
625,11/10/2005 17:00,0
626,11/11/2005 7:00,0
627,11/11/2005 17:00,0
628,11/12/2005 7:00,0
629,11/12/2005 17:00,0
630,11/13/2005 7:00,0
631,11/13/2005 17:00,0
632,11/14/2005 7:00,0
633,11/14/2005 17:00,0
634,11/15/2005 7:00,0
635,11/15/2005 17:00,0
636,11/16/2005 7:00,0
637,11/16/2005 17:00,0
638,11/17/2005 7:00,0
639,11/17/2005 17:00,0
640,11/18/2005 7:00,0
641,11/18/2005 17:00,0
642,11/19/2005 7:00,0
643,11/19/2005 17:00,0
644,11/20/2005 7:00,0
645,11/20/2005 17:00,0
646,11/21/2005 7:00,0
647,11/21/2005 17:00,0
648,11/22/2005 7:00,0
649,11/22/2005 17:00,0
650,11/23/2005 7:00,0
651,11/23/2005 17:00,0
652,11/24/2005 7:00,0
653,11/24/2005 17:00,0
654,11/25/2005 7:00,0
655,11/25/2005 17:00,0
656,11/26/2005 7:30,0
657,11/26/2005 17:00,0
658,11/27/2005 7:30,0
659,11/27/2005 17:00,0
660,11/28/2005 7:30,0
661,11/28/2005 17:00,0
662,11/29/2005 7:30,0
663,11/29/2005 17:00,0
664,11/30/2005 7:30,0
665,11/30/2005 17:00,0
666,12/1/2005 7:30,0
667,12/1/2005 16:30,0
668,12/2/2005 7:30,0
669,12/2/2005 16:30,0
670,12/3/2005 7:30,0
671,12/3/2005 16:30,0
672,12/4/2005 7:30,0
673,12/4/2005 16:30,0
674,12/5/2005 7:30,0
675,12/5/2005 16:30,0
676,12/6/2005 7:30,0
677,12/6/2005 16:30,0
678,12/7/2005 7:30,0
679,12/7/2005 16:30,0
680,12/8/2005 7:30,0
681,12/8/2005 16:30,0
682,12/9/2005 7:30,0
683,12/9/2005 16:30,0
684,12/10/2005 7:30,0
685,12/10/2005 16:30,0
686,12/11/2005 7:30,0
687,12/11/2005 16:30,0
688,12/12/2005 7:30,0
689,12/12/2005 16:30,0
690,12/13/2005 7:30,0
691,12/13/2005 16:30,0
692,12/14/2005 7:30,0
693,12/14/2005 16:30,0
694,12/15/2005 7:30,0
695,12/15/2005 16:30,0
696,12/16/2005 7:30,0
697,12/16/2005 16:30,0
698,12/17/2005 7:30,0
699,12/17/2005 16:30,0
700,12/18/2005 7:30,0
701,12/18/2005 16:30,0
702,12/19/2005 7:30,0
703,12/19/2005 16:30,0
704,12/20/2005 7:30,0
705,12/20/2005 16:30,0
706,12/21/2005 7:30,0
707,12/21/2005 16:30,0
708,12/22/2005 7:30,0
709,12/22/2005 16:30,0
710,12/23/2005 7:30,0
711,12/23/2005 16:30,0
712,12/24/2005 7:30,0
713,12/24/2005 16:30,0
714,12/25/2005 7:30,0
715,12/25/2005 16:30,0
716,12/26/2005 7:30,0
717,12/26/2005 16:30,0
718,12/27/2005 7:30,0
719,12/27/2005 16:30,0
720,12/28/2005 7:30,0
721,12/28/2005 16:30,0
722,12/29/2005 7:30,0
723,12/29/2005 16:30,0
724,12/30/2005 7:30,0
725,12/30/2005 16:30,0
726,12/31/2005 7:30,0
727,12/31/2005 16:30,0
